[2026-08-06 18:49:08.680] [INFO] ZaralynChiselApp.onCreate — v0.6.0-alpha, logDir=/data/user/0/com.zaralynchisel.debug/files/logs
[2026-08-06 18:49:14.242] [DEBUG] SafFileAccess setTreeUri: uri=content://com.android.externalstorage.documents/tree/primary%3AFCL%2F.minecraft%2Fversions%2F1.21.1-NeoForge%2Fsaves%2FOTFiles%20(1), doc=OTFiles (1)
[2026-08-06 18:49:14.253] [DEBUG] SafFileAccess setTreeUri: uri=content://com.android.externalstorage.documents/tree/primary%3AFCL%2F.minecraft%2Fversions%2F1.21.1-NeoForge%2Fsaves%2FOTFiles%20(1), doc=OTFiles (1)
[2026-08-06 18:49:14.254] [DEBUG] SAF docId: primary:FCL/.minecraft/versions/1.21.1-NeoForge/saves/OTFiles (1)
[2026-08-06 18:49:14.256] [DEBUG] Resolved SAF to: /storage/emulated/0/FCL/.minecraft/versions/1.21.1-NeoForge/saves/OTFiles (1)
[2026-08-06 18:49:14.265] [INFO] Validating world at: /storage/emulated/0/FCL/.minecraft/versions/1.21.1-NeoForge/saves/OTFiles (1)
[2026-08-06 18:49:14.326] [INFO] World validated successfully: /storage/emulated/0/FCL/.minecraft/versions/1.21.1-NeoForge/saves/OTFiles (1)
[2026-08-06 18:49:15.829] [INFO] Reading level.dat from /storage/emulated/0/FCL/.minecraft/versions/1.21.1-NeoForge/saves/OTFiles (1)
[2026-08-06 18:49:15.938] [DEBUG] SAF openInputStream OK: level.dat
[2026-08-06 18:49:16.189] [INFO] Player last position: (156.6317779966412, -224.16276358322781)
[2026-08-06 18:49:16.214] [DEBUG] SAF openPFD OK: region/r.-1.-1.mca
[2026-08-06 18:49:16.217] [DEBUG] Opened region: fd
[2026-08-06 18:49:16.288] [INFO] ChunkSurface: rootTag= dim=OVERWORLD
[2026-08-06 18:49:16.291] [INFO] ChunkSurface: usingRoot=false hmKeys=[WORLD_SURFACE,OCEAN_FLOOR,MOTION_BLOCKING,MOTION_BLOCKING_NO_LEAVES] mbLongArray=true
[2026-08-06 18:49:16.293] [INFO] ChunkSurface: heights decoded, sample[0..4]=72, 70, 70, 71, 72
[2026-08-06 18:49:16.314] [INFO] ChunkSurface: sections=24 worldMinY=-64 sectionYs=[-4, -3, -2]..[17, 18, 19] status=minecraft:full
[2026-08-06 18:49:16.339] [INFO] World loaded: OTFiles的世界 (v1.21.1, dataVer=3955, seed=4071481248245368930)
[2026-08-06 18:49:16.344] [INFO] Player spawn: player pos (156.63177, -224.16277) y=140.7465223626278
[2026-08-06 18:49:16.348] [DEBUG] Found .minecraft at: /storage/emulated/0/FCL/.minecraft
[2026-08-06 18:49:16.353] [DEBUG] TextureResolver initialized. MC dir: /storage/emulated/0/FCL/.minecraft, Mods dir: /storage/emulated/0/FCL/.minecraft/mods
[2026-08-06 18:49:16.376] [DEBUG] ModelLoader: opened /storage/emulated/0/FCL/.minecraft/versions/1.21.1-NeoForge/1.21.1-NeoForge.jar
[2026-08-06 18:49:16.412] [INFO] ChunkSurface: sample=[7, 7, 7, 7, 7] nonZeroCells=256/256
[2026-08-06 18:49:16.454] [DEBUG] SAF openPFD OK: region/r.-1.0.mca
[2026-08-06 18:49:16.455] [DEBUG] Opened region: fd
[2026-08-06 18:49:16.733] [DEBUG] mesh(-6,-3): surface=256/256 verts=3630 trans=17478 paths=9
[2026-08-06 18:49:16.824] [WARN] Asset index not found for version '1.21.1' in /storage/emulated/0/FCL/.minecraft/assets/indexes/1.21.1.json
[2026-08-06 18:49:16.826] [WARN] Asset index not found for version '1.21.1' in /storage/emulated/0/FCL/.minecraft/assets/indexes/1.21.1.json
[2026-08-06 18:49:16.828] [WARN] Asset index not found for version '1.21.1' in /storage/emulated/0/FCL/.minecraft/assets/indexes/1.21.1.json
[2026-08-06 18:49:16.830] [WARN] Asset index not found for version '1.21.1' in /storage/emulated/0/FCL/.minecraft/assets/indexes/1.21.1.json
[2026-08-06 18:49:16.831] [WARN] Asset index not found for version '1.21.1' in /storage/emulated/0/FCL/.minecraft/assets/indexes/1.21.1.json
[2026-08-06 18:49:16.833] [DEBUG] ensureChunksAround: dropping 1 chunks (cx=9,cz=-14, cam=157.13177,-223.66277)
[2026-08-06 18:49:16.836] [WARN] Asset index not found for version '1.21.1' in /storage/emulated/0/FCL/.minecraft/assets/indexes/1.21.1.json
[2026-08-06 18:49:16.836] [WARN] Asset index not found for version '1.21.1' in /storage/emulated/0/FCL/.minecraft/assets/indexes/1.21.1.json
[2026-08-06 18:49:16.841] [WARN] Asset index not found for version '1.21.1' in /storage/emulated/0/FCL/.minecraft/assets/indexes/1.21.1.json
[2026-08-06 18:49:16.842] [WARN] Asset index not found for version '1.21.1' in /storage/emulated/0/FCL/.minecraft/assets/indexes/1.21.1.json
[2026-08-06 18:49:16.846] [DEBUG] Opened version jar for textures: /storage/emulated/0/FCL/.minecraft/versions/1.21.1-NeoForge/1.21.1-NeoForge.jar
[2026-08-06 18:49:16.855] [DEBUG] Texture resolved from version jar: minecraft:block/oak_leaves
[2026-08-06 18:49:16.857] [DEBUG] Texture resolved from version jar: minecraft:block/oak_log_top
[2026-08-06 18:49:16.859] [DEBUG] Texture resolved from version jar: minecraft:block/grass_block_side
[2026-08-06 18:49:16.862] [DEBUG] Texture resolved from version jar: minecraft:block/grass_block_top
[2026-08-06 18:49:16.864] [DEBUG] Texture resolved from version jar: minecraft:block/oak_log
[2026-08-06 18:49:16.864] [DEBUG] Texture resolved from version jar: minecraft:block/stone
[2026-08-06 18:49:16.865] [DEBUG] Texture resolved from version jar: minecraft:block/short_grass
[2026-08-06 18:49:16.868] [DEBUG] Texture resolved from version jar: minecraft:block/birch_leaves
[2026-08-06 18:49:16.869] [DEBUG] Texture resolved from version jar: minecraft:block/dirt
[2026-08-06 18:49:16.893] [INFO] ChunkSurface: rootTag= dim=OVERWORLD
[2026-08-06 18:49:16.895] [INFO] ChunkSurface: usingRoot=false hmKeys=[WORLD_SURFACE,OCEAN_FLOOR,MOTION_BLOCKING,MOTION_BLOCKING_NO_LEAVES] mbLongArray=true
[2026-08-06 18:49:16.897] [INFO] ChunkSurface: heights decoded, sample[0..4]=64, 67, 68, 69, 67
[2026-08-06 18:49:16.910] [INFO] ChunkSurface: sections=24 worldMinY=-64 sectionYs=[-4, -3, -2]..[17, 18, 19] status=minecraft:full
[2026-08-06 18:49:16.920] [INFO] ChunkSurface: sample=[1, 7, 7, 7, 7] nonZeroCells=256/256
[2026-08-06 18:49:17.002] [DEBUG] mesh(-6,-2): surface=256/256 verts=2850 trans=14076 paths=10
[2026-08-06 18:49:17.022] [WARN] Asset index not found for version '1.21.1' in /storage/emulated/0/FCL/.minecraft/assets/indexes/1.21.1.json
[2026-08-06 18:49:17.022] [WARN] Asset index not found for version '1.21.1' in /storage/emulated/0/FCL/.minecraft/assets/indexes/1.21.1.json
[2026-08-06 18:49:17.024] [WARN] Asset index not found for version '1.21.1' in /storage/emulated/0/FCL/.minecraft/assets/indexes/1.21.1.json
[2026-08-06 18:49:17.025] [WARN] Asset index not found for version '1.21.1' in /storage/emulated/0/FCL/.minecraft/assets/indexes/1.21.1.json
[2026-08-06 18:49:17.025] [WARN] Asset index not found for version '1.21.1' in /storage/emulated/0/FCL/.minecraft/assets/indexes/1.21.1.json
[2026-08-06 18:49:17.026] [WARN] Asset index not found for version '1.21.1' in /storage/emulated/0/FCL/.minecraft/assets/indexes/1.21.1.json
[2026-08-06 18:49:17.028] [WARN] Asset index not found for version '1.21.1' in /storage/emulated/0/FCL/.minecraft/assets/indexes/1.21.1.json
[2026-08-06 18:49:17.028] [WARN] Asset index not found for version '1.21.1' in /storage/emulated/0/FCL/.minecraft/assets/indexes/1.21.1.json
[2026-08-06 18:49:17.031] [DEBUG] Texture resolved from version jar: minecraft:block/short_grass
[2026-08-06 18:49:17.031] [WARN] Asset index not found for version '1.21.1' in /storage/emulated/0/FCL/.minecraft/assets/indexes/1.21.1.json
[2026-08-06 18:49:17.031] [WARN] Asset index not found for version '1.21.1' in /storage/emulated/0/FCL/.minecraft/assets/indexes/1.21.1.json
[2026-08-06 18:49:17.035] [DEBUG] Texture resolved from version jar: minecraft:block/grass_block_side
[2026-08-06 18:49:17.036] [DEBUG] ensureChunksAround: dropping 1 chunks (cx=9,cz=-14, cam=157.13177,-223.66277)
[2026-08-06 18:49:17.036] [DEBUG] Texture resolved from version jar: minecraft:block/dirt
[2026-08-06 18:49:17.037] [DEBUG] Texture resolved from version jar: minecraft:block/oak_leaves
[2026-08-06 18:49:17.038] [DEBUG] Texture resolved from version jar: minecraft:block/grass_block_top
[2026-08-06 18:49:17.043] [DEBUG] Texture resolved from version jar: minecraft:block/oak_log
[2026-08-06 18:49:17.043] [DEBUG] Texture resolved from version jar: minecraft:block/iron_ore
[2026-08-06 18:49:17.044] [DEBUG] Texture resolved from version jar: minecraft:block/oak_log_top
[2026-08-06 18:49:17.044] [DEBUG] Texture resolved from version jar: minecraft:block/stone
[2026-08-06 18:49:17.044] [DEBUG] Texture resolved from version jar: minecraft:block/birch_leaves
[2026-08-06 18:49:17.076] [INFO] ChunkSurface: rootTag= dim=OVERWORLD
[2026-08-06 18:49:17.078] [INFO] ChunkSurface: usingRoot=false hmKeys=[WORLD_SURFACE,OCEAN_FLOOR,MOTION_BLOCKING,MOTION_BLOCKING_NO_LEAVES] mbLongArray=true
[2026-08-06 18:49:17.080] [INFO] ChunkSurface: heights decoded, sample[0..4]=65, 65, 65, 64, 64
[2026-08-06 18:49:17.088] [INFO] ChunkSurface: sections=24 worldMinY=-64 sectionYs=[-4, -3, -2]..[17, 18, 19] status=minecraft:full
[2026-08-06 18:49:17.097] [INFO] ChunkSurface: sample=[1, 7, 7, 7, 7] nonZeroCells=256/256
[2026-08-06 18:49:17.170] [DEBUG] mesh(-6,-1): surface=256/256 verts=3006 trans=13842 paths=8
[2026-08-06 18:49:17.190] [WARN] Asset index not found for version '1.21.1' in /storage/emulated/0/FCL/.minecraft/assets/indexes/1.21.1.json
[2026-08-06 18:49:17.190] [WARN] Asset index not found for version '1.21.1' in /storage/emulated/0/FCL/.minecraft/assets/indexes/1.21.1.json
[2026-08-06 18:49:17.192] [WARN] Asset index not found for version '1.21.1' in /storage/emulated/0/FCL/.minecraft/assets/indexes/1.21.1.json
[2026-08-06 18:49:17.193] [WARN] Asset index not found for version '1.21.1' in /storage/emulated/0/FCL/.minecraft/assets/indexes/1.21.1.json
[2026-08-06 18:49:17.195] [WARN] Asset index not found for version '1.21.1' in /storage/emulated/0/FCL/.minecraft/assets/indexes/1.21.1.json
[2026-08-06 18:49:17.195] [DEBUG] Texture resolved from version jar: minecraft:block/grass_block_top
[2026-08-06 18:49:17.193] [WARN] Asset index not found for version '1.21.1' in /storage/emulated/0/FCL/.minecraft/assets/indexes/1.21.1.json
[2026-08-06 18:49:17.196] [WARN] Asset index not found for version '1.21.1' in /storage/emulated/0/FCL/.minecraft/assets/indexes/1.21.1.json
[2026-08-06 18:49:17.198] [DEBUG] Texture resolved from version jar: minecraft:block/grass_block_side
[2026-08-06 18:49:17.200] [DEBUG] Texture resolved from version jar: minecraft:block/oak_log_top
[2026-08-06 18:49:17.200] [DEBUG] Texture resolved from version jar: minecraft:block/oak_leaves
[2026-08-06 18:49:17.211] [DEBUG] Texture resolved from version jar: minecraft:block/stone
[2026-08-06 18:49:17.211] [DEBUG] Texture resolved from version jar: minecraft:block/oak_log
[2026-08-06 18:49:17.209] [DEBUG] Texture resolved from version jar: minecraft:block/dirt
[2026-08-06 18:49:17.208] [WARN] Asset index not found for version '1.21.1' in /storage/emulated/0/FCL/.minecraft/assets/indexes/1.21.1.json
[2026-08-06 18:49:17.216] [DEBUG] Texture resolved from version jar: minecraft:block/short_grass
[2026-08-06 18:49:17.217] [DEBUG] ensureChunksAround: dropping 1 chunks (cx=9,cz=-14, cam=157.13177,-223.66277)
[2026-08-06 18:49:17.326] [DEBUG] mesh(-5,-4): surface=256/256 verts=3750 trans=7416 paths=13
[2026-08-06 18:49:17.355] [WARN] Asset index not found for version '1.21.1' in /storage/emulated/0/FCL/.minecraft/assets/indexes/1.21.1.json
[2026-08-06 18:49:17.358] [WARN] Asset index not found for version '1.21.1' in /storage/emulated/0/FCL/.minecraft/assets/indexes/1.21.1.json
[2026-08-06 18:49:17.356] [WARN] Asset index not found for version '1.21.1' in /storage/emulated/0/FCL/.minecraft/assets/indexes/1.21.1.json
[2026-08-06 18:49:17.360] [WARN] Asset index not found for version '1.21.1' in /storage/emulated/0/FCL/.minecraft/assets/indexes/1.21.1.json
[2026-08-06 18:49:17.362] [WARN] Asset index not found for version '1.21.1' in /storage/emulated/0/FCL/.minecraft/assets/indexes/1.21.1.json
[2026-08-06 18:49:17.366] [DEBUG] ensureChunksAround: dropping 1 chunks (cx=9,cz=-14, cam=157.13177,-223.66277)
[2026-08-06 18:49:17.362] [WARN] Asset index not found for version '1.21.1' in /storage/emulated/0/FCL/.minecraft/assets/indexes/1.21.1.json
[2026-08-06 18:49:17.370] [WARN] Asset index not found for version '1.21.1' in /storage/emulated/0/FCL/.minecraft/assets/indexes/1.21.1.json
[2026-08-06 18:49:17.371] [WARN] Asset index not found for version '1.21.1' in /storage/emulated/0/FCL/.minecraft/assets/indexes/1.21.1.json
[2026-08-06 18:49:17.372] [WARN] Asset index not found for version '1.21.1' in /storage/emulated/0/FCL/.minecraft/assets/indexes/1.21.1.json
[2026-08-06 18:49:17.374] [WARN] Asset index not found for version '1.21.1' in /storage/emulated/0/FCL/.minecraft/assets/indexes/1.21.1.json
[2026-08-06 18:49:17.376] [WARN] Asset index not found for version '1.21.1' in /storage/emulated/0/FCL/.minecraft/assets/indexes/1.21.1.json
[2026-08-06 18:49:17.377] [DEBUG] Texture resolved from version jar: minecraft:block/grass_block_top
[2026-08-06 18:49:17.378] [WARN] Asset index not found for version '1.21.1' in /storage/emulated/0/FCL/.minecraft/assets/indexes/1.21.1.json
[2026-08-06 18:49:17.379] [WARN] Asset index not found for version '1.21.1' in /storage/emulated/0/FCL/.minecraft/assets/indexes/1.21.1.json
[2026-08-06 18:49:17.380] [DEBUG] Texture resolved from version jar: minecraft:block/dirt
[2026-08-06 18:49:17.382] [DEBUG] Texture resolved from version jar: minecraft:block/grass_block_side
[2026-08-06 18:49:17.383] [DEBUG] Texture resolved from version jar: minecraft:block/stone
[2026-08-06 18:49:17.389] [DEBUG] Texture resolved from version jar: minecraft:block/oak_leaves
[2026-08-06 18:49:17.389] [DEBUG] Texture resolved from version jar: minecraft:block/birch_log_top
[2026-08-06 18:49:17.391] [DEBUG] Texture resolved from version jar: minecraft:block/birch_log
[2026-08-06 18:49:17.392] [DEBUG] Texture resolved from version jar: minecraft:block/short_grass
[2026-08-06 18:49:17.393] [DEBUG] Texture resolved from version jar: minecraft:block/oak_log_top
[2026-08-06 18:49:17.394] [DEBUG] Texture resolved from version jar: minecraft:block/birch_leaves
[2026-08-06 18:49:17.396] [DEBUG] Texture resolved from version jar: minecraft:block/water_still
[2026-08-06 18:49:17.396] [DEBUG] Texture resolved from version jar: minecraft:block/oak_log
[2026-08-06 18:49:17.400] [DEBUG] Texture resolved from version jar: minecraft:block/gravel
[2026-08-06 18:49:17.523] [DEBUG] mesh(-6,2): surface=256/256 verts=7596 trans=8142 paths=16
[2026-08-06 18:49:17.558] [WARN] Asset index not found for version '1.21.1' in /storage/emulated/0/FCL/.minecraft/assets/indexes/1.21.1.json
[2026-08-06 18:49:17.570] [WARN] Asset index not found for version '1.21.1' in /storage/emulated/0/FCL/.minecraft/assets/indexes/1.21.1.json
[2026-08-06 18:49:17.572] [WARN] Asset index not found for version '1.21.1' in /storage/emulated/0/FCL/.minecraft/assets/indexes/1.21.1.json
[2026-08-06 18:49:17.570] [DEBUG] Texture resolved from version jar: minecraft:block/birch_leaves
[2026-08-06 18:49:17.576] [WARN] Asset index not found for version '1.21.1' in /storage/emulated/0/FCL/.minecraft/assets/indexes/1.21.1.json
[2026-08-06 18:49:17.576] [WARN] Asset index not found for version '1.21.1' in /storage/emulated/0/FCL/.minecraft/assets/indexes/1.21.1.json
[2026-08-06 18:49:17.579] [WARN] Asset index not found for version '1.21.1' in /storage/emulated/0/FCL/.minecraft/assets/indexes/1.21.1.json
[2026-08-06 18:49:17.583] [WARN] Asset index not found for version '1.21.1' in /storage/emulated/0/FCL/.minecraft/assets/indexes/1.21.1.json
[2026-08-06 18:49:17.583] [DEBUG] ensureChunksAround: dropping 1 chunks (cx=9,cz=-14, cam=157.13177,-223.66277)
[2026-08-06 18:49:17.585] [WARN] Asset index not found for version '1.21.1' in /storage/emulated/0/FCL/.minecraft/assets/indexes/1.21.1.json
[2026-08-06 18:49:17.587] [WARN] Asset index not found for version '1.21.1' in /storage/emulated/0/FCL/.minecraft/assets/indexes/1.21.1.json
[2026-08-06 18:49:17.583] [WARN] Asset index not found for version '1.21.1' in /storage/emulated/0/FCL/.minecraft/assets/indexes/1.21.1.json
[2026-08-06 18:49:17.589] [WARN] Asset index not found for version '1.21.1' in /storage/emulated/0/FCL/.minecraft/assets/indexes/1.21.1.json
[2026-08-06 18:49:17.590] [WARN] Asset index not found for version '1.21.1' in /storage/emulated/0/FCL/.minecraft/assets/indexes/1.21.1.json
[2026-08-06 18:49:17.591] [WARN] Asset index not found for version '1.21.1' in /storage/emulated/0/FCL/.minecraft/assets/indexes/1.21.1.json
[2026-08-06 18:49:17.593] [DEBUG] Texture resolved from version jar: minecraft:block/oak_log
[2026-08-06 18:49:17.593] [WARN] Asset index not found for version '1.21.1' in /storage/emulated/0/FCL/.minecraft/assets/indexes/1.21.1.json
[2026-08-06 18:49:17.594] [DEBUG] Texture resolved from version jar: minecraft:block/dirt
[2026-08-06 18:49:17.595] [WARN] Asset index not found for version '1.21.1' in /storage/emulated/0/FCL/.minecraft/assets/indexes/1.21.1.json
[2026-08-06 18:49:17.597] [WARN] Asset index not found for version '1.21.1' in /storage/emulated/0/FCL/.minecraft/assets/indexes/1.21.1.json
[2026-08-06 18:49:17.599] [DEBUG] Texture resolved from version jar: minecraft:block/cobblestone
[2026-08-06 18:49:17.601] [DEBUG] Texture resolved from version jar: minecraft:block/grass_block_side
[2026-08-06 18:49:17.602] [DEBUG] Texture resolved from version jar: minecraft:block/oak_leaves
[2026-08-06 18:49:17.602] [DEBUG] Texture resolved from version jar: minecraft:block/oak_log_top
[2026-08-06 18:49:17.604] [DEBUG] Texture resolved from version jar: minecraft:block/stone
[2026-08-06 18:49:17.604] [DEBUG] Texture resolved from version jar: minecraft:block/copper_ore
[2026-08-06 18:49:17.605] [DEBUG] Texture resolved from version jar: minecraft:block/grass_block_top
[2026-08-06 18:49:17.605] [DEBUG] Texture resolved from version jar: minecraft:block/birch_log_top
[2026-08-06 18:49:17.606] [DEBUG] Texture resolved from version jar: minecraft:block/short_grass
[2026-08-06 18:49:17.609] [DEBUG] Texture resolved from version jar: minecraft:block/coal_ore
[2026-08-06 18:49:17.612] [DEBUG] Texture resolved from version jar: minecraft:block/birch_log
[2026-08-06 18:49:17.614] [DEBUG] Texture resolved from version jar: minecraft:block/lilac_top
[2026-08-06 18:49:17.615] [DEBUG] Texture resolved from version jar: minecraft:block/lilac_bottom
[2026-08-06 18:49:17.720] [DEBUG] mesh(-6,0): surface=256/256 verts=2946 trans=15396 paths=7
[2026-08-06 18:49:17.749] [WARN] Asset index not found for version '1.21.1' in /storage/emulated/0/FCL/.minecraft/assets/indexes/1.21.1.json
[2026-08-06 18:49:17.750] [WARN] Asset index not found for version '1.21.1' in /storage/emulated/0/FCL/.minecraft/assets/indexes/1.21.1.json
[2026-08-06 18:49:17.751] [WARN] Asset index not found for version '1.21.1' in /storage/emulated/0/FCL/.minecraft/assets/indexes/1.21.1.json
[2026-08-06 18:49:17.752] [WARN] Asset index not found for version '1.21.1' in /storage/emulated/0/FCL/.minecraft/assets/indexes/1.21.1.json
[2026-08-06 18:49:17.754] [WARN] Asset index not found for version '1.21.1' in /storage/emulated/0/FCL/.minecraft/assets/indexes/1.21.1.json
[2026-08-06 18:49:17.755] [DEBUG] Texture resolved from version jar: minecraft:block/grass_block_side
[2026-08-06 18:49:17.756] [WARN] Asset index not found for version '1.21.1' in /storage/emulated/0/FCL/.minecraft/assets/indexes/1.21.1.json
[2026-08-06 18:49:17.759] [DEBUG] Texture resolved from version jar: minecraft:block/dirt
[2026-08-06 18:49:17.760] [DEBUG] Texture resolved from version jar: minecraft:block/oak_log
[2026-08-06 18:49:17.761] [DEBUG] Texture resolved from version jar: minecraft:block/oak_log_top
[2026-08-06 18:49:17.760] [DEBUG] Texture resolved from version jar: minecraft:block/oak_leaves
[2026-08-06 18:49:17.760] [DEBUG] Texture resolved from version jar: minecraft:block/grass_block_top
[2026-08-06 18:49:17.764] [DEBUG] ensureChunksAround: dropping 1 chunks (cx=9,cz=-14, cam=157.13177,-223.66277)
[2026-08-06 18:49:17.758] [WARN] Asset index not found for version '1.21.1' in /storage/emulated/0/FCL/.minecraft/assets/indexes/1.21.1.json
[2026-08-06 18:49:17.768] [DEBUG] Texture resolved from version jar: minecraft:block/short_grass
[2026-08-06 18:49:17.899] [DEBUG] mesh(-6,1): surface=256/256 verts=3558 trans=9906 paths=11
[2026-08-06 18:49:17.926] [WARN] Asset index not found for version '1.21.1' in /storage/emulated/0/FCL/.minecraft/assets/indexes/1.21.1.json
[2026-08-06 18:49:17.926] [WARN] Asset index not found for version '1.21.1' in /storage/emulated/0/FCL/.minecraft/assets/indexes/1.21.1.json
[2026-08-06 18:49:17.929] [WARN] Asset index not found for version '1.21.1' in /storage/emulated/0/FCL/.minecraft/assets/indexes/1.21.1.json
[2026-08-06 18:49:17.929] [WARN] Asset index not found for version '1.21.1' in /storage/emulated/0/FCL/.minecraft/assets/indexes/1.21.1.json
[2026-08-06 18:49:17.931] [WARN] Asset index not found for version '1.21.1' in /storage/emulated/0/FCL/.minecraft/assets/indexes/1.21.1.json
[2026-08-06 18:49:17.931] [WARN] Asset index not found for version '1.21.1' in /storage/emulated/0/FCL/.minecraft/assets/indexes/1.21.1.json
[2026-08-06 18:49:17.934] [WARN] Asset index not found for version '1.21.1' in /storage/emulated/0/FCL/.minecraft/assets/indexes/1.21.1.json
[2026-08-06 18:49:17.934] [DEBUG] ensureChunksAround: dropping 1 chunks (cx=9,cz=-14, cam=157.13177,-223.66277)
[2026-08-06 18:49:17.936] [WARN] Asset index not found for version '1.21.1' in /storage/emulated/0/FCL/.minecraft/assets/indexes/1.21.1.json
[2026-08-06 18:49:17.934] [WARN] Asset index not found for version '1.21.1' in /storage/emulated/0/FCL/.minecraft/assets/indexes/1.21.1.json
[2026-08-06 18:49:17.938] [WARN] Asset index not found for version '1.21.1' in /storage/emulated/0/FCL/.minecraft/assets/indexes/1.21.1.json
[2026-08-06 18:49:17.940] [WARN] Asset index not found for version '1.21.1' in /storage/emulated/0/FCL/.minecraft/assets/indexes/1.21.1.json
[2026-08-06 18:49:17.943] [DEBUG] Texture resolved from version jar: minecraft:block/grass_block_side
[2026-08-06 18:49:17.944] [DEBUG] Texture resolved from version jar: minecraft:block/oak_leaves
[2026-08-06 18:49:17.945] [DEBUG] Texture resolved from version jar: minecraft:block/grass_block_top
[2026-08-06 18:49:17.946] [DEBUG] Texture resolved from version jar: minecraft:block/stone
[2026-08-06 18:49:17.946] [DEBUG] Texture resolved from version jar: minecraft:block/birch_leaves
[2026-08-06 18:49:17.947] [DEBUG] Texture resolved from version jar: minecraft:block/dirt
[2026-08-06 18:49:17.949] [DEBUG] Texture resolved from version jar: minecraft:block/oak_log_top
[2026-08-06 18:49:17.949] [DEBUG] Texture resolved from version jar: minecraft:block/short_grass
[2026-08-06 18:49:17.949] [DEBUG] Texture resolved from version jar: minecraft:block/birch_log
[2026-08-06 18:49:17.951] [DEBUG] Texture resolved from version jar: minecraft:block/birch_log_top
[2026-08-06 18:49:17.955] [DEBUG] Texture resolved from version jar: minecraft:block/oak_log
[2026-08-06 18:49:18.046] [DEBUG] mesh(-6,3): surface=256/256 verts=4236 trans=13146 paths=14
[2026-08-06 18:49:18.067] [WARN] Asset index not found for version '1.21.1' in /storage/emulated/0/FCL/.minecraft/assets/indexes/1.21.1.json
[2026-08-06 18:49:18.068] [WARN] Asset index not found for version '1.21.1' in /storage/emulated/0/FCL/.minecraft/assets/indexes/1.21.1.json
[2026-08-06 18:49:18.068] [WARN] Asset index not found for version '1.21.1' in /storage/emulated/0/FCL/.minecraft/assets/indexes/1.21.1.json
[2026-08-06 18:49:18.069] [WARN] Asset index not found for version '1.21.1' in /storage/emulated/0/FCL/.minecraft/assets/indexes/1.21.1.json
[2026-08-06 18:49:18.070] [WARN] Asset index not found for version '1.21.1' in /storage/emulated/0/FCL/.minecraft/assets/indexes/1.21.1.json
[2026-08-06 18:49:18.071] [WARN] Asset index not found for version '1.21.1' in /storage/emulated/0/FCL/.minecraft/assets/indexes/1.21.1.json
[2026-08-06 18:49:18.073] [WARN] Asset index not found for version '1.21.1' in /storage/emulated/0/FCL/.minecraft/assets/indexes/1.21.1.json
[2026-08-06 18:49:18.074] [DEBUG] ensureChunksAround: dropping 1 chunks (cx=9,cz=-14, cam=157.13177,-223.66277)
[2026-08-06 18:49:18.072] [WARN] Asset index not found for version '1.21.1' in /storage/emulated/0/FCL/.minecraft/assets/indexes/1.21.1.json
[2026-08-06 18:49:18.076] [WARN] Asset index not found for version '1.21.1' in /storage/emulated/0/FCL/.minecraft/assets/indexes/1.21.1.json
[2026-08-06 18:49:18.078] [DEBUG] Texture resolved from version jar: minecraft:block/oak_log_top
[2026-08-06 18:49:18.078] [WARN] Asset index not found for version '1.21.1' in /storage/emulated/0/FCL/.minecraft/assets/indexes/1.21.1.json
[2026-08-06 18:49:18.079] [WARN] Asset index not found for version '1.21.1' in /storage/emulated/0/FCL/.minecraft/assets/indexes/1.21.1.json
[2026-08-06 18:49:18.080] [WARN] Asset index not found for version '1.21.1' in /storage/emulated/0/FCL/.minecraft/assets/indexes/1.21.1.json
[2026-08-06 18:49:18.080] [WARN] Asset index not found for version '1.21.1' in /storage/emulated/0/FCL/.minecraft/assets/indexes/1.21.1.json
[2026-08-06 18:49:18.082] [WARN] Asset index not found for version '1.21.1' in /storage/emulated/0/FCL/.minecraft/assets/indexes/1.21.1.json
[2026-08-06 18:49:18.086] [DEBUG] Texture resolved from version jar: minecraft:block/oak_leaves
[2026-08-06 18:49:18.086] [DEBUG] Texture resolved from version jar: minecraft:block/grass_block_side
[2026-08-06 18:49:18.088] [DEBUG] Texture resolved from version jar: minecraft:block/stone
[2026-08-06 18:49:18.089] [DEBUG] Texture resolved from version jar: minecraft:block/oak_log
[2026-08-06 18:49:18.089] [DEBUG] Texture resolved from version jar: minecraft:block/birch_log
[2026-08-06 18:49:18.091] [DEBUG] Texture resolved from version jar: minecraft:block/dirt
[2026-08-06 18:49:18.092] [DEBUG] Texture resolved from version jar: minecraft:block/grass_block_top
[2026-08-06 18:49:18.093] [DEBUG] Texture resolved from version jar: minecraft:block/coal_ore
[2026-08-06 18:49:18.093] [DEBUG] Texture resolved from version jar: minecraft:block/short_grass
[2026-08-06 18:49:18.095] [DEBUG] Texture resolved from version jar: minecraft:block/lilac_top
[2026-08-06 18:49:18.095] [DEBUG] Texture resolved from version jar: minecraft:block/birch_log_top
[2026-08-06 18:49:18.097] [DEBUG] Texture resolved from version jar: minecraft:block/birch_leaves
[2026-08-06 18:49:18.097] [DEBUG] Texture resolved from version jar: minecraft:block/lilac_bottom
[2026-08-06 18:49:18.171] [DEBUG] mesh(-6,-3): surface=256/256 verts=3630 trans=17478 paths=9
[2026-08-06 18:49:18.208] [DEBUG] ensureChunksAround: dropping 1 chunks (cx=9,cz=-14, cam=157.13177,-223.66277)
[2026-08-06 18:49:18.259] [DEBUG] mesh(-6,-2): surface=256/256 verts=2850 trans=14076 paths=10
[2026-08-06 18:49:18.288] [DEBUG] ensureChunksAround: dropping 1 chunks (cx=9,cz=-14, cam=157.13177,-223.66277)
[2026-08-06 18:49:18.335] [DEBUG] mesh(-5,-4): surface=256/256 verts=3750 trans=7416 paths=13
[2026-08-06 18:49:18.354] [DEBUG] ensureChunksAround: dropping 1 chunks (cx=9,cz=-14, cam=157.13177,-223.66277)
[2026-08-06 18:49:18.443] [DEBUG] mesh(-6,2): surface=256/256 verts=7596 trans=8142 paths=16
[2026-08-06 18:49:18.489] [DEBUG] ensureChunksAround: dropping 1 chunks (cx=9,cz=-14, cam=157.13177,-223.66277)
[2026-08-06 18:49:18.751] [DEBUG] SAF openPFD OK: region/r.0.-1.mca
[2026-08-06 18:49:18.754] [DEBUG] Opened region: fd
[2026-08-06 18:49:18.929] [DEBUG] mesh(3,-17): surface=256/256 verts=3720 trans=13500 paths=9
[2026-08-06 18:49:19.058] [DEBUG] mesh(3,-16): surface=256/256 verts=4086 trans=13182 paths=11
[2026-08-06 18:49:19.163] [DEBUG] mesh(3,-15): surface=256/256 verts=6294 trans=4854 paths=10
[2026-08-06 18:49:19.300] [DEBUG] mesh(3,-14): surface=256/256 verts=1854 trans=3366 paths=9
[2026-08-06 18:49:19.307] [WARN] Asset index not found for version '1.21.1' in /storage/emulated/0/FCL/.minecraft/assets/indexes/1.21.1.json
[2026-08-06 18:49:19.314] [DEBUG] Texture resolved from version jar: minecraft:block/sand
[2026-08-06 18:49:19.510] [DEBUG] mesh(15,-15): surface=256/256 verts=7218 trans=15348 paths=23
[2026-08-06 18:49:19.545] [WARN] Asset index not found for version '1.21.1' in /storage/emulated/0/FCL/.minecraft/assets/indexes/1.21.1.json
[2026-08-06 18:49:19.544] [WARN] Asset index not found for version '1.21.1' in /storage/emulated/0/FCL/.minecraft/assets/indexes/1.21.1.json
[2026-08-06 18:49:19.546] [WARN] Asset index not found for version '1.21.1' in /storage/emulated/0/FCL/.minecraft/assets/indexes/1.21.1.json
[2026-08-06 18:49:19.546] [WARN] Asset index not found for version '1.21.1' in /storage/emulated/0/FCL/.minecraft/assets/indexes/1.21.1.json
[2026-08-06 18:49:19.547] [WARN] Asset index not found for version '1.21.1' in /storage/emulated/0/FCL/.minecraft/assets/indexes/1.21.1.json
[2026-08-06 18:49:19.551] [DEBUG] Texture resolved from version jar: minecraft:block/bamboo_mosaic
[2026-08-06 18:49:19.551] [WARN] Asset index not found for version '1.21.1' in /storage/emulated/0/FCL/.minecraft/assets/indexes/1.21.1.json
[2026-08-06 18:49:19.557] [DEBUG] Texture resolved from version jar: minecraft:block/bamboo_planks
[2026-08-06 18:49:19.558] [WARN] Asset index not found for version '1.21.1' in /storage/emulated/0/FCL/.minecraft/assets/indexes/1.21.1.json
[2026-08-06 18:49:19.560] [WARN] Asset index not found for version '1.21.1' in /storage/emulated/0/FCL/.minecraft/assets/indexes/1.21.1.json
[2026-08-06 18:49:19.560] [DEBUG] Texture resolved from version jar: minecraft:block/dirt_path_top
[2026-08-06 18:49:19.561] [WARN] Asset index not found for version '1.21.1' in /storage/emulated/0/FCL/.minecraft/assets/indexes/1.21.1.json
[2026-08-06 18:49:19.562] [DEBUG] Texture resolved from version jar: minecraft:block/dirt_path_side
[2026-08-06 18:49:19.562] [WARN] Asset index not found for version '1.21.1' in /storage/emulated/0/FCL/.minecraft/assets/indexes/1.21.1.json
[2026-08-06 18:49:19.565] [DEBUG] Texture resolved from version jar: minecraft:block/vine
[2026-08-06 18:49:19.566] [DEBUG] Texture resolved from version jar: minecraft:block/fern
[2026-08-06 18:49:19.568] [DEBUG] Texture resolved from version jar: minecraft:block/jungle_log_top
[2026-08-06 18:49:19.570] [DEBUG] Texture resolved from version jar: minecraft:block/jungle_leaves
[2026-08-06 18:49:19.571] [DEBUG] Texture resolved from version jar: minecraft:block/sugar_cane
[2026-08-06 18:49:19.575] [DEBUG] Texture resolved from version jar: minecraft:block/jungle_log
[2026-08-06 18:49:19.643] [DEBUG] mesh(3,-13): surface=256/256 verts=0 trans=3072 paths=1
[2026-08-06 18:49:19.734] [DEBUG] mesh(3,-12): surface=256/256 verts=0 trans=3072 paths=1
[2026-08-06 18:49:19.847] [DEBUG] mesh(3,-11): surface=256/256 verts=0 trans=3072 paths=1
[2026-08-06 18:49:19.895] [DEBUG] mesh(3,-14): surface=256/256 verts=1854 trans=3366 paths=9
[2026-08-06 18:49:20.033] [DEBUG] mesh(15,-15): surface=256/256 verts=7218 trans=15348 paths=23
[2026-08-06 18:49:20.191] [DEBUG] mesh(4,-18): surface=256/256 verts=3246 trans=14586 paths=10
[2026-08-06 18:49:20.335] [DEBUG] mesh(4,-17): surface=256/256 verts=3912 trans=14796 paths=11
[2026-08-06 18:49:20.521] [DEBUG] mesh(4,-16): surface=256/256 verts=6186 trans=13428 paths=11
[2026-08-06 18:49:20.655] [DEBUG] mesh(4,-15): surface=256/256 verts=1080 trans=2538 paths=5
[2026-08-06 18:49:20.777] [DEBUG] mesh(4,-14): surface=256/256 verts=2490 trans=10434 paths=11
[2026-08-06 18:49:20.901] [DEBUG] mesh(4,-13): surface=256/256 verts=2688 trans=6720 paths=10
[2026-08-06 18:49:21.040] [DEBUG] mesh(4,-12): surface=256/256 verts=1158 trans=8370 paths=15
[2026-08-06 18:49:21.063] [WARN] Asset index not found for version '1.21.1' in /storage/emulated/0/FCL/.minecraft/assets/indexes/1.21.1.json
[2026-08-06 18:49:21.063] [WARN] Asset index not found for version '1.21.1' in /storage/emulated/0/FCL/.minecraft/assets/indexes/1.21.1.json
[2026-08-06 18:49:21.066] [DEBUG] Texture resolved from version jar: minecraft:block/magma
[2026-08-06 18:49:21.074] [WARN] Asset index not found for version '1.21.1' in /storage/emulated/0/FCL/.minecraft/assets/indexes/1.21.1.json
[2026-08-06 18:49:21.076] [WARN] All texture sources failed for: minecraft:block/bubble_column
[2026-08-06 18:49:21.174] [DEBUG] mesh(4,-11): surface=256/256 verts=78 trans=3750 paths=5
[2026-08-06 18:49:21.301] [WARN] Asset index not found for version '1.21.1' in /storage/emulated/0/FCL/.minecraft/assets/indexes/1.21.1.json
[2026-08-06 18:49:21.306] [DEBUG] Texture resolved from version jar: minecraft:block/seagrass
[2026-08-06 18:49:21.463] [ERROR] Texture unavailable for 'minecraft:block/bubble_column' — local assets, mods and network all failed
[2026-08-06 18:49:21.944] [WARN] Asset index not found for version '1.21.1' in /storage/emulated/0/FCL/.minecraft/assets/indexes/1.21.1.json
[2026-08-06 18:49:21.944] [WARN] Asset index not found for version '1.21.1' in /storage/emulated/0/FCL/.minecraft/assets/indexes/1.21.1.json
[2026-08-06 18:49:21.945] [WARN] Asset index not found for version '1.21.1' in /storage/emulated/0/FCL/.minecraft/assets/indexes/1.21.1.json
[2026-08-06 18:49:21.950] [DEBUG] Texture resolved from version jar: minecraft:block/tall_seagrass_bottom
[2026-08-06 18:49:21.952] [DEBUG] Texture resolved from version jar: minecraft:block/tall_seagrass_top
[2026-08-06 18:49:21.951] [DEBUG] Texture resolved from version jar: minecraft:block/seagrass
[2026-08-06 18:49:22.231] [WARN] Asset index not found for version '1.21.1' in /storage/emulated/0/FCL/.minecraft/assets/indexes/1.21.1.json
[2026-08-06 18:49:22.234] [DEBUG] Texture resolved from version jar: minecraft:block/diorite
[2026-08-06 18:49:22.346] [WARN] Asset index not found for version '1.21.1' in /storage/emulated/0/FCL/.minecraft/assets/indexes/1.21.1.json
[2026-08-06 18:49:22.348] [DEBUG] Texture resolved from version jar: minecraft:block/diorite
[2026-08-06 18:49:23.544] [WARN] Asset index not found for version '1.21.1' in /storage/emulated/0/FCL/.minecraft/assets/indexes/1.21.1.json
[2026-08-06 18:49:23.544] [WARN] Asset index not found for version '1.21.1' in /storage/emulated/0/FCL/.minecraft/assets/indexes/1.21.1.json
[2026-08-06 18:49:23.546] [DEBUG] Texture resolved from version jar: minecraft:block/andesite
[2026-08-06 18:49:23.547] [DEBUG] Texture resolved from version jar: minecraft:block/granite
[2026-08-06 18:49:23.657] [WARN] Asset index not found for version '1.21.1' in /storage/emulated/0/FCL/.minecraft/assets/indexes/1.21.1.json
[2026-08-06 18:49:23.659] [WARN] Asset index not found for version '1.21.1' in /storage/emulated/0/FCL/.minecraft/assets/indexes/1.21.1.json
[2026-08-06 18:49:23.659] [WARN] Asset index not found for version '1.21.1' in /storage/emulated/0/FCL/.minecraft/assets/indexes/1.21.1.json
[2026-08-06 18:49:23.660] [WARN] Asset index not found for version '1.21.1' in /storage/emulated/0/FCL/.minecraft/assets/indexes/1.21.1.json
[2026-08-06 18:49:23.663] [DEBUG] Texture resolved from version jar: minecraft:block/crafting_table_front
[2026-08-06 18:49:23.665] [DEBUG] Texture resolved from version jar: minecraft:block/torch
[2026-08-06 18:49:23.666] [DEBUG] Texture resolved from version jar: minecraft:block/crafting_table_top
[2026-08-06 18:49:23.667] [DEBUG] Texture resolved from version jar: minecraft:block/oak_planks
[2026-08-06 18:49:23.880] [WARN] Asset index not found for version '1.21.1' in /storage/emulated/0/FCL/.minecraft/assets/indexes/1.21.1.json
[2026-08-06 18:49:23.882] [DEBUG] Texture resolved from version jar: minecraft:block/cherry_log
[2026-08-06 18:49:24.159] [WARN] Asset index not found for version '1.21.1' in /storage/emulated/0/FCL/.minecraft/assets/indexes/1.21.1.json
[2026-08-06 18:49:24.162] [DEBUG] Texture resolved from version jar: minecraft:block/lily_of_the_valley
[2026-08-06 18:49:25.910] [WARN] Asset index not found for version '1.21.1' in /storage/emulated/0/FCL/.minecraft/assets/indexes/1.21.1.json
[2026-08-06 18:49:25.936] [WARN] Asset index not found for version '1.21.1' in /storage/emulated/0/FCL/.minecraft/assets/indexes/1.21.1.json
[2026-08-06 18:49:25.938] [WARN] All texture sources failed for: minecraft:block/bubble_column
[2026-08-06 18:49:26.064] [WARN] Asset index not found for version '1.21.1' in /storage/emulated/0/FCL/.minecraft/assets/indexes/1.21.1.json
[2026-08-06 18:49:26.070] [DEBUG] Texture resolved from version jar: minecraft:block/lapis_ore
[2026-08-06 18:49:26.830] [ERROR] Texture unavailable for 'minecraft:block/bubble_column' — local assets, mods and network all failed
[2026-08-06 18:49:26.950] [WARN] Asset index not found for version '1.21.1' in /storage/emulated/0/FCL/.minecraft/assets/indexes/1.21.1.json
[2026-08-06 18:49:26.953] [DEBUG] Texture resolved from version jar: minecraft:block/clay
[2026-08-06 18:49:28.922] [WARN] Asset index not found for version '1.21.1' in /storage/emulated/0/FCL/.minecraft/assets/indexes/1.21.1.json
[2026-08-06 18:49:28.925] [DEBUG] Texture resolved from version jar: minecraft:block/dandelion
[2026-08-06 18:49:28.924] [WARN] Asset index not found for version '1.21.1' in /storage/emulated/0/FCL/.minecraft/assets/indexes/1.21.1.json
[2026-08-06 18:49:28.928] [DEBUG] Texture resolved from version jar: minecraft:block/poppy
[2026-08-06 18:49:29.609] [WARN] Asset index not found for version '1.21.1' in /storage/emulated/0/FCL/.minecraft/assets/indexes/1.21.1.json
[2026-08-06 18:49:29.612] [DEBUG] Texture resolved from version jar: minecraft:block/cherry_log_top
[2026-08-06 18:49:29.812] [WARN] Asset index not found for version '1.21.1' in /storage/emulated/0/FCL/.minecraft/assets/indexes/1.21.1.json
[2026-08-06 18:49:29.815] [DEBUG] Texture resolved from version jar: minecraft:block/cherry_log_top
[2026-08-06 18:49:29.978] [WARN] Asset index not found for version '1.21.1' in /storage/emulated/0/FCL/.minecraft/assets/indexes/1.21.1.json
[2026-08-06 18:49:29.986] [DEBUG] Texture resolved from version jar: minecraft:block/stone_bricks
[2026-08-06 18:49:30.648] [WARN] Asset index not found for version '1.21.1' in /storage/emulated/0/FCL/.minecraft/assets/indexes/1.21.1.json
[2026-08-06 18:49:30.650] [DEBUG] Texture resolved from version jar: minecraft:block/stone_bricks
[2026-08-06 18:49:31.291] [WARN] Asset index not found for version '1.21.1' in /storage/emulated/0/FCL/.minecraft/assets/indexes/1.21.1.json
[2026-08-06 18:49:31.291] [WARN] Asset index not found for version '1.21.1' in /storage/emulated/0/FCL/.minecraft/assets/indexes/1.21.1.json
[2026-08-06 18:49:31.292] [WARN] Asset index not found for version '1.21.1' in /storage/emulated/0/FCL/.minecraft/assets/indexes/1.21.1.json
[2026-08-06 18:49:31.293] [WARN] Asset index not found for version '1.21.1' in /storage/emulated/0/FCL/.minecraft/assets/indexes/1.21.1.json
[2026-08-06 18:49:31.293] [WARN] Asset index not found for version '1.21.1' in /storage/emulated/0/FCL/.minecraft/assets/indexes/1.21.1.json
[2026-08-06 18:49:31.293] [WARN] Asset index not found for version '1.21.1' in /storage/emulated/0/FCL/.minecraft/assets/indexes/1.21.1.json
[2026-08-06 18:49:31.294] [WARN] Asset index not found for version '1.21.1' in /storage/emulated/0/FCL/.minecraft/assets/indexes/1.21.1.json
[2026-08-06 18:49:31.295] [WARN] Asset index not found for version '1.21.1' in /storage/emulated/0/FCL/.minecraft/assets/indexes/1.21.1.json
[2026-08-06 18:49:31.295] [WARN] Asset index not found for version '1.21.1' in /storage/emulated/0/FCL/.minecraft/assets/indexes/1.21.1.json
[2026-08-06 18:49:31.296] [WARN] Asset index not found for version '1.21.1' in /storage/emulated/0/FCL/.minecraft/assets/indexes/1.21.1.json
[2026-08-06 18:49:31.296] [WARN] Asset index not found for version '1.21.1' in /storage/emulated/0/FCL/.minecraft/assets/indexes/1.21.1.json
[2026-08-06 18:49:31.300] [DEBUG] Texture resolved from version jar: minecraft:block/cherry_trapdoor
[2026-08-06 18:49:31.301] [DEBUG] Texture resolved from version jar: minecraft:block/stripped_cherry_log_top
[2026-08-06 18:49:31.303] [DEBUG] Texture resolved from version jar: minecraft:block/cherry_planks
[2026-08-06 18:49:31.303] [DEBUG] Texture resolved from version jar: minecraft:block/cherry_leaves
[2026-08-06 18:49:31.305] [DEBUG] Texture resolved from version jar: minecraft:block/stripped_cherry_log
[2026-08-06 18:49:31.307] [DEBUG] Texture resolved from version jar: minecraft:block/glass_pane_top
[2026-08-06 18:49:31.308] [DEBUG] Texture resolved from version jar: minecraft:block/peony_top
[2026-08-06 18:49:31.308] [DEBUG] Texture resolved from version jar: minecraft:block/peony_bottom
[2026-08-06 18:49:31.312] [DEBUG] Texture resolved from version jar: minecraft:block/lantern
[2026-08-06 18:49:31.315] [DEBUG] Texture resolved from version jar: minecraft:block/glass
[2026-08-06 18:49:31.321] [WARN] Asset index not found for version '1.21.1' in /storage/emulated/0/FCL/.minecraft/assets/indexes/1.21.1.json
[2026-08-06 18:49:31.322] [WARN] All texture sources failed for: minecraft:block/cherry_wall_sign
[2026-08-06 18:49:31.781] [WARN] Asset index not found for version '1.21.1' in /storage/emulated/0/FCL/.minecraft/assets/indexes/1.21.1.json
[2026-08-06 18:49:31.781] [WARN] Asset index not found for version '1.21.1' in /storage/emulated/0/FCL/.minecraft/assets/indexes/1.21.1.json
[2026-08-06 18:49:31.782] [WARN] Asset index not found for version '1.21.1' in /storage/emulated/0/FCL/.minecraft/assets/indexes/1.21.1.json
[2026-08-06 18:49:31.782] [WARN] Asset index not found for version '1.21.1' in /storage/emulated/0/FCL/.minecraft/assets/indexes/1.21.1.json
[2026-08-06 18:49:31.783] [WARN] Asset index not found for version '1.21.1' in /storage/emulated/0/FCL/.minecraft/assets/indexes/1.21.1.json
[2026-08-06 18:49:31.783] [WARN] Asset index not found for version '1.21.1' in /storage/emulated/0/FCL/.minecraft/assets/indexes/1.21.1.json
[2026-08-06 18:49:31.784] [WARN] Asset index not found for version '1.21.1' in /storage/emulated/0/FCL/.minecraft/assets/indexes/1.21.1.json
[2026-08-06 18:49:31.784] [WARN] Asset index not found for version '1.21.1' in /storage/emulated/0/FCL/.minecraft/assets/indexes/1.21.1.json
[2026-08-06 18:49:31.785] [WARN] Asset index not found for version '1.21.1' in /storage/emulated/0/FCL/.minecraft/assets/indexes/1.21.1.json
[2026-08-06 18:49:31.786] [WARN] Asset index not found for version '1.21.1' in /storage/emulated/0/FCL/.minecraft/assets/indexes/1.21.1.json
[2026-08-06 18:49:31.789] [WARN] Asset index not found for version '1.21.1' in /storage/emulated/0/FCL/.minecraft/assets/indexes/1.21.1.json
[2026-08-06 18:49:31.790] [WARN] Asset index not found for version '1.21.1' in /storage/emulated/0/FCL/.minecraft/assets/indexes/1.21.1.json
[2026-08-06 18:49:31.790] [DEBUG] Texture resolved from version jar: minecraft:block/cherry_trapdoor
[2026-08-06 18:49:31.791] [DEBUG] Texture resolved from version jar: minecraft:block/cherry_planks
[2026-08-06 18:49:31.790] [WARN] Asset index not found for version '1.21.1' in /storage/emulated/0/FCL/.minecraft/assets/indexes/1.21.1.json
[2026-08-06 18:49:31.791] [WARN] Asset index not found for version '1.21.1' in /storage/emulated/0/FCL/.minecraft/assets/indexes/1.21.1.json
[2026-08-06 18:49:31.793] [WARN] Asset index not found for version '1.21.1' in /storage/emulated/0/FCL/.minecraft/assets/indexes/1.21.1.json
[2026-08-06 18:49:31.795] [WARN] Asset index not found for version '1.21.1' in /storage/emulated/0/FCL/.minecraft/assets/indexes/1.21.1.json
[2026-08-06 18:49:31.796] [DEBUG] Texture resolved from version jar: minecraft:block/chiseled_stone_bricks
[2026-08-06 18:49:31.797] [WARN] Asset index not found for version '1.21.1' in /storage/emulated/0/FCL/.minecraft/assets/indexes/1.21.1.json
[2026-08-06 18:49:31.797] [DEBUG] Texture resolved from version jar: minecraft:block/lantern
[2026-08-06 18:49:31.798] [WARN] Asset index not found for version '1.21.1' in /storage/emulated/0/FCL/.minecraft/assets/indexes/1.21.1.json
[2026-08-06 18:49:31.800] [WARN] Asset index not found for version '1.21.1' in /storage/emulated/0/FCL/.minecraft/assets/indexes/1.21.1.json
[2026-08-06 18:49:31.800] [DEBUG] Texture resolved from version jar: minecraft:block/peony_top
[2026-08-06 18:49:31.800] [WARN] Asset index not found for version '1.21.1' in /storage/emulated/0/FCL/.minecraft/assets/indexes/1.21.1.json
[2026-08-06 18:49:31.801] [WARN] Asset index not found for version '1.21.1' in /storage/emulated/0/FCL/.minecraft/assets/indexes/1.21.1.json
[2026-08-06 18:49:31.802] [WARN] Asset index not found for version '1.21.1' in /storage/emulated/0/FCL/.minecraft/assets/indexes/1.21.1.json
[2026-08-06 18:49:31.804] [DEBUG] Texture resolved from version jar: minecraft:block/stripped_cherry_log
[2026-08-06 18:49:31.804] [WARN] Asset index not found for version '1.21.1' in /storage/emulated/0/FCL/.minecraft/assets/indexes/1.21.1.json
[2026-08-06 18:49:31.804] [WARN] Asset index not found for version '1.21.1' in /storage/emulated/0/FCL/.minecraft/assets/indexes/1.21.1.json
[2026-08-06 18:49:31.805] [WARN] Asset index not found for version '1.21.1' in /storage/emulated/0/FCL/.minecraft/assets/indexes/1.21.1.json
[2026-08-06 18:49:31.806] [WARN] Asset index not found for version '1.21.1' in /storage/emulated/0/FCL/.minecraft/assets/indexes/1.21.1.json
[2026-08-06 18:49:31.806] [WARN] Asset index not found for version '1.21.1' in /storage/emulated/0/FCL/.minecraft/assets/indexes/1.21.1.json
[2026-08-06 18:49:31.808] [DEBUG] Texture resolved from version jar: minecraft:block/glass_pane_top
[2026-08-06 18:49:31.808] [WARN] Asset index not found for version '1.21.1' in /storage/emulated/0/FCL/.minecraft/assets/indexes/1.21.1.json
[2026-08-06 18:49:31.809] [WARN] Asset index not found for version '1.21.1' in /storage/emulated/0/FCL/.minecraft/assets/indexes/1.21.1.json
[2026-08-06 18:49:31.811] [WARN] Asset index not found for version '1.21.1' in /storage/emulated/0/FCL/.minecraft/assets/indexes/1.21.1.json
[2026-08-06 18:49:31.809] [WARN] Asset index not found for version '1.21.1' in /storage/emulated/0/FCL/.minecraft/assets/indexes/1.21.1.json
[2026-08-06 18:49:31.812] [WARN] Asset index not found for version '1.21.1' in /storage/emulated/0/FCL/.minecraft/assets/indexes/1.21.1.json
[2026-08-06 18:49:31.813] [WARN] Asset index not found for version '1.21.1' in /storage/emulated/0/FCL/.minecraft/assets/indexes/1.21.1.json
[2026-08-06 18:49:31.814] [WARN] Asset index not found for version '1.21.1' in /storage/emulated/0/FCL/.minecraft/assets/indexes/1.21.1.json
[2026-08-06 18:49:31.814] [WARN] Asset index not found for version '1.21.1' in /storage/emulated/0/FCL/.minecraft/assets/indexes/1.21.1.json
[2026-08-06 18:49:31.816] [WARN] Asset index not found for version '1.21.1' in /storage/emulated/0/FCL/.minecraft/assets/indexes/1.21.1.json
[2026-08-06 18:49:31.816] [WARN] Asset index not found for version '1.21.1' in /storage/emulated/0/FCL/.minecraft/assets/indexes/1.21.1.json
[2026-08-06 18:49:31.817] [WARN] Asset index not found for version '1.21.1' in /storage/emulated/0/FCL/.minecraft/assets/indexes/1.21.1.json
[2026-08-06 18:49:31.817] [WARN] Asset index not found for version '1.21.1' in /storage/emulated/0/FCL/.minecraft/assets/indexes/1.21.1.json
[2026-08-06 18:49:31.818] [WARN] Asset index not found for version '1.21.1' in /storage/emulated/0/FCL/.minecraft/assets/indexes/1.21.1.json
[2026-08-06 18:49:31.819] [WARN] Asset index not found for version '1.21.1' in /storage/emulated/0/FCL/.minecraft/assets/indexes/1.21.1.json
[2026-08-06 18:49:31.820] [WARN] Asset index not found for version '1.21.1' in /storage/emulated/0/FCL/.minecraft/assets/indexes/1.21.1.json
[2026-08-06 18:49:31.819] [WARN] Asset index not found for version '1.21.1' in /storage/emulated/0/FCL/.minecraft/assets/indexes/1.21.1.json
[2026-08-06 18:49:31.821] [WARN] Asset index not found for version '1.21.1' in /storage/emulated/0/FCL/.minecraft/assets/indexes/1.21.1.json
[2026-08-06 18:49:31.821] [WARN] Asset index not found for version '1.21.1' in /storage/emulated/0/FCL/.minecraft/assets/indexes/1.21.1.json
[2026-08-06 18:49:31.822] [WARN] Asset index not found for version '1.21.1' in /storage/emulated/0/FCL/.minecraft/assets/indexes/1.21.1.json
[2026-08-06 18:49:31.822] [WARN] Asset index not found for version '1.21.1' in /storage/emulated/0/FCL/.minecraft/assets/indexes/1.21.1.json
[2026-08-06 18:49:31.825] [DEBUG] Texture resolved from version jar: minecraft:block/stripped_cherry_log_top
[2026-08-06 18:49:31.825] [DEBUG] Texture resolved from version jar: minecraft:block/peony_bottom
[2026-08-06 18:49:31.826] [DEBUG] Texture resolved from version jar: minecraft:block/cherry_leaves
[2026-08-06 18:49:31.830] [DEBUG] Texture resolved from version jar: minecraft:block/red_wool
[2026-08-06 18:49:31.830] [DEBUG] Texture resolved from version jar: minecraft:block/anvil
[2026-08-06 18:49:31.833] [DEBUG] Texture resolved from version jar: minecraft:block/anvil_top
[2026-08-06 18:49:31.833] [DEBUG] Texture resolved from version jar: minecraft:block/glass
[2026-08-06 18:49:31.834] [DEBUG] Texture resolved from version jar: minecraft:block/smoker_bottom
[2026-08-06 18:49:31.837] [DEBUG] Texture resolved from version jar: minecraft:block/enchanting_table_top
[2026-08-06 18:49:31.838] [DEBUG] Texture resolved from version jar: minecraft:block/enchanting_table_bottom
[2026-08-06 18:49:31.838] [DEBUG] Texture resolved from version jar: minecraft:block/furnace_top
[2026-08-06 18:49:31.838] [DEBUG] Texture resolved from version jar: minecraft:block/enchanting_table_side
[2026-08-06 18:49:31.839] [DEBUG] Texture resolved from version jar: minecraft:block/furnace_side
[2026-08-06 18:49:31.843] [DEBUG] Texture resolved from version jar: minecraft:block/furnace_front
[2026-08-06 18:49:31.844] [DEBUG] Texture resolved from version jar: minecraft:block/blast_furnace_top
[2026-08-06 18:49:31.845] [DEBUG] Texture resolved from version jar: minecraft:block/loom_top
[2026-08-06 18:49:31.846] [DEBUG] Texture resolved from version jar: minecraft:block/loom_bottom
[2026-08-06 18:49:31.847] [DEBUG] Texture resolved from version jar: minecraft:block/crafting_table_side
[2026-08-06 18:49:31.847] [DEBUG] Texture resolved from version jar: minecraft:block/brewing_stand_base
[2026-08-06 18:49:31.848] [DEBUG] Texture resolved from version jar: minecraft:block/smoker_side
[2026-08-06 18:49:31.849] [DEBUG] Texture resolved from version jar: minecraft:block/brewing_stand
[2026-08-06 18:49:31.850] [DEBUG] Texture resolved from version jar: minecraft:block/barrel_top
[2026-08-06 18:49:31.851] [DEBUG] Texture resolved from version jar: minecraft:block/barrel_bottom
[2026-08-06 18:49:31.853] [DEBUG] Texture resolved from version jar: minecraft:block/bookshelf
[2026-08-06 18:49:31.854] [DEBUG] Texture resolved from version jar: minecraft:block/cherry_door_top
[2026-08-06 18:49:31.855] [DEBUG] Texture resolved from version jar: minecraft:block/cherry_door_bottom
[2026-08-06 18:49:31.856] [DEBUG] Texture resolved from version jar: minecraft:block/dark_oak_planks
[2026-08-06 18:49:31.857] [DEBUG] Texture resolved from version jar: minecraft:block/cartography_table_side2
[2026-08-06 18:49:31.857] [DEBUG] Texture resolved from version jar: minecraft:block/cartography_table_side1
[2026-08-06 18:49:31.858] [DEBUG] Texture resolved from version jar: minecraft:block/jukebox_side
[2026-08-06 18:49:31.859] [DEBUG] Texture resolved from version jar: minecraft:block/cartography_table_side3
[2026-08-06 18:49:31.859] [DEBUG] Texture resolved from version jar: minecraft:block/barrel_side
[2026-08-06 18:49:31.861] [DEBUG] Texture resolved from version jar: minecraft:block/flower_pot
[2026-08-06 18:49:31.862] [DEBUG] Texture resolved from version jar: minecraft:block/jukebox_top
[2026-08-06 18:49:31.863] [DEBUG] Texture resolved from version jar: minecraft:block/scaffolding_side
[2026-08-06 18:49:31.864] [DEBUG] Texture resolved from version jar: minecraft:block/scaffolding_top
[2026-08-06 18:49:31.865] [DEBUG] Texture resolved from version jar: minecraft:block/scaffolding_bottom
[2026-08-06 18:49:31.865] [DEBUG] Texture resolved from version jar: minecraft:block/oxeye_daisy
[2026-08-06 18:49:31.877] [WARN] Asset index not found for version '1.21.1' in /storage/emulated/0/FCL/.minecraft/assets/indexes/1.21.1.json
[2026-08-06 18:49:31.880] [WARN] All texture sources failed for: minecraft:block/maid_bed
[2026-08-06 18:49:31.880] [WARN] Asset index not found for version '1.21.1' in /storage/emulated/0/FCL/.minecraft/assets/indexes/1.21.1.json
[2026-08-06 18:49:31.881] [WARN] All texture sources failed for: minecraft:block/cherry_wall_sign
[2026-08-06 18:49:32.106] [WARN] Asset index not found for version '1.21.1' in /storage/emulated/0/FCL/.minecraft/assets/indexes/1.21.1.json
[2026-08-06 18:49:32.107] [WARN] Asset index not found for version '1.21.1' in /storage/emulated/0/FCL/.minecraft/assets/indexes/1.21.1.json
[2026-08-06 18:49:32.107] [WARN] Asset index not found for version '1.21.1' in /storage/emulated/0/FCL/.minecraft/assets/indexes/1.21.1.json
[2026-08-06 18:49:32.109] [ERROR] Texture unavailable for 'minecraft:block/cherry_wall_sign' — local assets, mods and network all failed
[2026-08-06 18:49:32.111] [DEBUG] Texture resolved from version jar: minecraft:block/cherry_trapdoor
[2026-08-06 18:49:32.120] [WARN] Asset index not found for version '1.21.1' in /storage/emulated/0/FCL/.minecraft/assets/indexes/1.21.1.json
[2026-08-06 18:49:32.121] [WARN] All texture sources failed for: minecraft:block/cherry_wall_sign
[2026-08-06 18:49:32.121] [WARN] Asset index not found for version '1.21.1' in /storage/emulated/0/FCL/.minecraft/assets/indexes/1.21.1.json
[2026-08-06 18:49:32.122] [WARN] All texture sources failed for: minecraft:block/altar
[2026-08-06 18:49:32.203] [ERROR] Texture unavailable for 'minecraft:block/cherry_wall_sign' — local assets, mods and network all failed
[2026-08-06 18:49:32.208] [ERROR] Texture unavailable for 'minecraft:block/maid_bed' — local assets, mods and network all failed
[2026-08-06 18:49:32.960] [ERROR] Texture unavailable for 'minecraft:block/cherry_wall_sign' — local assets, mods and network all failed
[2026-08-06 18:49:32.961] [ERROR] Texture unavailable for 'minecraft:block/altar' — local assets, mods and network all failed
[2026-08-06 18:49:33.881] [WARN] Asset index not found for version '1.21.1' in /storage/emulated/0/FCL/.minecraft/assets/indexes/1.21.1.json
[2026-08-06 18:49:33.882] [WARN] Asset index not found for version '1.21.1' in /storage/emulated/0/FCL/.minecraft/assets/indexes/1.21.1.json
[2026-08-06 18:49:33.886] [DEBUG] Texture resolved from version jar: minecraft:block/tall_grass_top
[2026-08-06 18:49:33.889] [DEBUG] Texture resolved from version jar: minecraft:block/tall_grass_bottom
[2026-08-06 18:49:34.042] [WARN] Asset index not found for version '1.21.1' in /storage/emulated/0/FCL/.minecraft/assets/indexes/1.21.1.json
[2026-08-06 18:49:34.044] [DEBUG] Texture resolved from version jar: minecraft:block/rose_bush_top
[2026-08-06 18:49:34.046] [WARN] Asset index not found for version '1.21.1' in /storage/emulated/0/FCL/.minecraft/assets/indexes/1.21.1.json
[2026-08-06 18:49:34.048] [DEBUG] Texture resolved from version jar: minecraft:block/rose_bush_bottom
[2026-08-06 18:49:34.207] [WARN] Asset index not found for version '1.21.1' in /storage/emulated/0/FCL/.minecraft/assets/indexes/1.21.1.json
[2026-08-06 18:49:34.209] [WARN] Asset index not found for version '1.21.1' in /storage/emulated/0/FCL/.minecraft/assets/indexes/1.21.1.json
[2026-08-06 18:49:34.209] [WARN] Asset index not found for version '1.21.1' in /storage/emulated/0/FCL/.minecraft/assets/indexes/1.21.1.json
[2026-08-06 18:49:34.208] [WARN] Asset index not found for version '1.21.1' in /storage/emulated/0/FCL/.minecraft/assets/indexes/1.21.1.json
[2026-08-06 18:49:34.210] [WARN] Asset index not found for version '1.21.1' in /storage/emulated/0/FCL/.minecraft/assets/indexes/1.21.1.json
[2026-08-06 18:49:34.213] [DEBUG] Texture resolved from version jar: minecraft:block/campfire_log
[2026-08-06 18:49:34.213] [DEBUG] Texture resolved from version jar: minecraft:block/rose_bush_bottom
[2026-08-06 18:49:34.216] [DEBUG] Texture resolved from version jar: minecraft:block/rose_bush_top
[2026-08-06 18:49:34.222] [WARN] Asset index not found for version '1.21.1' in /storage/emulated/0/FCL/.minecraft/assets/indexes/1.21.1.json
[2026-08-06 18:49:34.224] [WARN] All texture sources failed for: minecraft:block/waystone
[2026-08-06 18:49:34.223] [WARN] Asset index not found for version '1.21.1' in /storage/emulated/0/FCL/.minecraft/assets/indexes/1.21.1.json
[2026-08-06 18:49:34.225] [WARN] All texture sources failed for: minecraft:block/cherry_wall_sign
[2026-08-06 18:49:34.673] [ERROR] Texture unavailable for 'minecraft:block/cherry_wall_sign' — local assets, mods and network all failed
[2026-08-06 18:49:34.675] [ERROR] Texture unavailable for 'minecraft:block/waystone' — local assets, mods and network all failed
[2026-08-06 18:49:35.726] [WARN] Asset index not found for version '1.21.1' in /storage/emulated/0/FCL/.minecraft/assets/indexes/1.21.1.json
[2026-08-06 18:49:35.732] [DEBUG] Texture resolved from version jar: minecraft:block/white_wool
[2026-08-06 18:49:37.418] [WARN] Asset index not found for version '1.21.1' in /storage/emulated/0/FCL/.minecraft/assets/indexes/1.21.1.json
[2026-08-06 18:49:37.426] [DEBUG] Texture resolved from version jar: minecraft:block/cornflower
[2026-08-06 18:49:39.930] [WARN] Asset index not found for version '1.21.1' in /storage/emulated/0/FCL/.minecraft/assets/indexes/1.21.1.json
[2026-08-06 18:49:39.930] [WARN] Asset index not found for version '1.21.1' in /storage/emulated/0/FCL/.minecraft/assets/indexes/1.21.1.json
[2026-08-06 18:49:39.932] [WARN] Asset index not found for version '1.21.1' in /storage/emulated/0/FCL/.minecraft/assets/indexes/1.21.1.json
[2026-08-06 18:49:39.936] [DEBUG] Texture resolved from version jar: minecraft:block/bamboo_large_leaves
[2026-08-06 18:49:39.937] [DEBUG] Texture resolved from version jar: minecraft:block/bamboo_small_leaves
[2026-08-06 18:49:39.937] [DEBUG] Texture resolved from version jar: minecraft:block/bamboo_stalk
[2026-08-06 18:49:40.112] [WARN] Asset index not found for version '1.21.1' in /storage/emulated/0/FCL/.minecraft/assets/indexes/1.21.1.json
[2026-08-06 18:49:40.112] [WARN] Asset index not found for version '1.21.1' in /storage/emulated/0/FCL/.minecraft/assets/indexes/1.21.1.json
[2026-08-06 18:49:40.113] [WARN] Asset index not found for version '1.21.1' in /storage/emulated/0/FCL/.minecraft/assets/indexes/1.21.1.json
[2026-08-06 18:49:40.114] [DEBUG] Texture resolved from version jar: minecraft:block/bamboo_stalk
[2026-08-06 18:49:40.114] [DEBUG] Texture resolved from version jar: minecraft:block/bamboo_large_leaves
[2026-08-06 18:49:40.114] [DEBUG] Texture resolved from version jar: minecraft:block/bamboo_small_leaves
[2026-08-06 18:49:45.486] [DEBUG] ensureChunksAround: dropping 13 chunks (cx=8,cz=-14, cam=143.99652,-212.3189)
[2026-08-06 18:49:45.859] [DEBUG] ensureChunksAround: dropping 10 chunks (cx=8,cz=-13, cam=139.08556,-207.9095)
[2026-08-06 18:49:46.230] [WARN] Asset index not found for version '1.21.1' in /storage/emulated/0/FCL/.minecraft/assets/indexes/1.21.1.json
[2026-08-06 18:49:46.233] [DEBUG] Texture resolved from version jar: minecraft:block/glow_lichen
[2026-08-06 18:49:46.653] [DEBUG] ensureChunksAround: dropping 1 chunks (cx=8,cz=-13, cam=136.12605,-207.7819)
[2026-08-06 18:49:46.979] [DEBUG] ensureChunksAround: dropping 1 chunks (cx=8,cz=-14, cam=131.56645,-209.2813)
[2026-08-06 18:49:47.211] [DEBUG] ensureChunksAround: dropping 1 chunks (cx=8,cz=-14, cam=131.56645,-209.2813)
[2026-08-06 18:49:47.360] [DEBUG] ensureChunksAround: dropping 1 chunks (cx=8,cz=-14, cam=131.56645,-209.2813)
[2026-08-06 18:49:48.548] [DEBUG] ensureChunksAround: dropping 9 chunks (cx=7,cz=-14, cam=127.98957,-209.79735)
[2026-08-06 18:49:48.643] [DEBUG] ensureChunksAround: dropping 1 chunks (cx=7,cz=-14, cam=126.51174,-210.05428)
[2026-08-06 18:49:48.709] [DEBUG] ensureChunksAround: dropping 1 chunks (cx=7,cz=-14, cam=126.51174,-210.05428)
[2026-08-06 18:49:48.808] [DEBUG] ensureChunksAround: dropping 1 chunks (cx=7,cz=-14, cam=126.51174,-210.05428)
[2026-08-06 18:49:48.974] [DEBUG] ensureChunksAround: dropping 1 chunks (cx=7,cz=-14, cam=126.51174,-210.05428)
[2026-08-06 18:50:03.896] [DEBUG] ensureChunksAround: dropping 13 chunks (cx=6,cz=-14, cam=111.78071,-211.83401)
[2026-08-06 18:50:04.704] [WARN] Asset index not found for version '1.21.1' in /storage/emulated/0/FCL/.minecraft/assets/indexes/1.21.1.json
[2026-08-06 18:50:04.706] [WARN] Asset index not found for version '1.21.1' in /storage/emulated/0/FCL/.minecraft/assets/indexes/1.21.1.json
[2026-08-06 18:50:04.706] [WARN] Asset index not found for version '1.21.1' in /storage/emulated/0/FCL/.minecraft/assets/indexes/1.21.1.json
[2026-08-06 18:50:04.712] [WARN] Asset index not found for version '1.21.1' in /storage/emulated/0/FCL/.minecraft/assets/indexes/1.21.1.json
[2026-08-06 18:50:04.726] [DEBUG] Texture resolved from version jar: minecraft:block/bee_nest_top
[2026-08-06 18:50:04.725] [DEBUG] Texture resolved from version jar: minecraft:block/bee_nest_bottom
[2026-08-06 18:50:04.728] [DEBUG] Texture resolved from version jar: minecraft:block/bee_nest_front_honey
[2026-08-06 18:50:04.722] [DEBUG] Texture resolved from version jar: minecraft:block/bee_nest_side
[2026-08-06 18:50:05.561] [DEBUG] ensureChunksAround: dropping 3 chunks (cx=7,cz=-14, cam=112.37147,-211.15211)
[2026-08-06 18:50:05.736] [DEBUG] ensureChunksAround: dropping 1 chunks (cx=7,cz=-14, cam=112.632774,-211.00475)
[2026-08-06 18:50:06.195] [DEBUG] ensureChunksAround: dropping 1 chunks (cx=7,cz=-14, cam=112.632774,-211.00475)
[2026-08-06 18:50:06.651] [DEBUG] ensureChunksAround: dropping 1 chunks (cx=7,cz=-14, cam=112.632774,-211.00475)
[2026-08-06 18:50:07.022] [DEBUG] ensureChunksAround: dropping 1 chunks (cx=7,cz=-14, cam=112.421745,-214.27568)
[2026-08-06 18:50:07.499] [DEBUG] ensureChunksAround: dropping 1 chunks (cx=7,cz=-14, cam=112.421745,-214.27568)
[2026-08-06 18:50:07.944] [DEBUG] ensureChunksAround: dropping 1 chunks (cx=7,cz=-14, cam=112.421745,-214.27568)
[2026-08-06 18:50:08.206] [DEBUG] ensureChunksAround: dropping 1 chunks (cx=7,cz=-14, cam=112.421745,-214.27568)
[2026-08-06 18:50:08.503] [DEBUG] ensureChunksAround: dropping 1 chunks (cx=7,cz=-14, cam=112.421745,-214.27568)
[2026-08-06 18:50:15.250] [DEBUG] ensureChunksAround: dropping 13 chunks (cx=6,cz=-14, cam=111.93844,-213.90105)
[2026-08-06 18:50:16.318] [DEBUG] ensureChunksAround: dropping 1 chunks (cx=7,cz=-14, cam=112.352745,-212.23279)
[2026-08-06 18:50:16.471] [DEBUG] ensureChunksAround: dropping 1 chunks (cx=7,cz=-14, cam=112.652306,-212.21654)
[2026-08-06 18:50:16.877] [DEBUG] ensureChunksAround: dropping 1 chunks (cx=7,cz=-14, cam=112.652306,-212.21654)
[2026-08-06 18:50:19.682] [DEBUG] ensureChunksAround: dropping 1 chunks (cx=6,cz=-14, cam=111.84901,-211.806)
[2026-08-06 18:50:20.011] [DEBUG] ensureChunksAround: dropping 1 chunks (cx=6,cz=-14, cam=111.84901,-211.806)
[2026-08-06 18:50:33.707] [INFO] Validating world at: /storage/emulated/0/FCL/.minecraft/versions/1.21.1-NeoForge/saves/OTFiles (1)
[2026-08-06 18:50:33.709] [INFO] World validated successfully: /storage/emulated/0/FCL/.minecraft/versions/1.21.1-NeoForge/saves/OTFiles (1)
[2026-08-06 18:50:34.909] [INFO] Reading level.dat from /storage/emulated/0/FCL/.minecraft/versions/1.21.1-NeoForge/saves/OTFiles (1)
[2026-08-06 18:50:35.097] [DEBUG] SAF openInputStream OK: level.dat
[2026-08-06 18:50:35.459] [INFO] Player last position: (156.6317779966412, -224.16276358322781)
[2026-08-06 18:50:35.578] [DEBUG] SAF openPFD OK: region/r.-1.-1.mca
[2026-08-06 18:50:35.580] [DEBUG] Opened region: fd
[2026-08-06 18:50:35.830] [INFO] World loaded: OTFiles的世界 (v1.21.1, dataVer=3955, seed=4071481248245368930)
[2026-08-06 18:50:35.839] [INFO] Player spawn: player pos (156.63177, -224.16277) y=140.7465223626278
[2026-08-06 18:50:35.842] [DEBUG] Found .minecraft at: /storage/emulated/0/FCL/.minecraft
[2026-08-06 18:50:35.846] [DEBUG] TextureResolver initialized. MC dir: /storage/emulated/0/FCL/.minecraft, Mods dir: /storage/emulated/0/FCL/.minecraft/mods
[2026-08-06 18:50:36.025] [DEBUG] SAF openPFD OK: region/r.-1.0.mca
[2026-08-06 18:50:36.027] [DEBUG] Opened region: fd
[2026-08-06 18:50:36.316] [DEBUG] mesh(-6,-2): surface=256/256 verts=2850 trans=14076 paths=10
[2026-08-06 18:50:36.396] [WARN] Asset index not found for version '1.21.1' in /storage/emulated/0/FCL/.minecraft/assets/indexes/1.21.1.json
[2026-08-06 18:50:36.396] [WARN] Asset index not found for version '1.21.1' in /storage/emulated/0/FCL/.minecraft/assets/indexes/1.21.1.json
[2026-08-06 18:50:36.398] [WARN] Asset index not found for version '1.21.1' in /storage/emulated/0/FCL/.minecraft/assets/indexes/1.21.1.json
[2026-08-06 18:50:36.399] [WARN] Asset index not found for version '1.21.1' in /storage/emulated/0/FCL/.minecraft/assets/indexes/1.21.1.json
[2026-08-06 18:50:36.401] [DEBUG] ensureChunksAround: dropping 1 chunks (cx=9,cz=-14, cam=157.13177,-223.66277)
[2026-08-06 18:50:36.403] [WARN] Asset index not found for version '1.21.1' in /storage/emulated/0/FCL/.minecraft/assets/indexes/1.21.1.json
[2026-08-06 18:50:36.404] [WARN] Asset index not found for version '1.21.1' in /storage/emulated/0/FCL/.minecraft/assets/indexes/1.21.1.json
[2026-08-06 18:50:36.416] [DEBUG] Opened version jar for textures: /storage/emulated/0/FCL/.minecraft/versions/1.21.1-NeoForge/1.21.1-NeoForge.jar
[2026-08-06 18:50:36.420] [WARN] Asset index not found for version '1.21.1' in /storage/emulated/0/FCL/.minecraft/assets/indexes/1.21.1.json
[2026-08-06 18:50:36.421] [DEBUG] Texture resolved from version jar: minecraft:block/grass_block_top
[2026-08-06 18:50:36.422] [DEBUG] Texture resolved from version jar: minecraft:block/grass_block_side
[2026-08-06 18:50:36.422] [DEBUG] Texture resolved from version jar: minecraft:block/dirt
[2026-08-06 18:50:36.425] [WARN] Asset index not found for version '1.21.1' in /storage/emulated/0/FCL/.minecraft/assets/indexes/1.21.1.json
[2026-08-06 18:50:36.425] [WARN] Asset index not found for version '1.21.1' in /storage/emulated/0/FCL/.minecraft/assets/indexes/1.21.1.json
[2026-08-06 18:50:36.428] [WARN] Asset index not found for version '1.21.1' in /storage/emulated/0/FCL/.minecraft/assets/indexes/1.21.1.json
[2026-08-06 18:50:36.431] [DEBUG] Texture resolved from version jar: minecraft:block/short_grass
[2026-08-06 18:50:36.433] [DEBUG] Texture resolved from version jar: minecraft:block/oak_log_top
[2026-08-06 18:50:36.434] [DEBUG] Texture resolved from version jar: minecraft:block/oak_log
[2026-08-06 18:50:36.438] [DEBUG] Texture resolved from version jar: minecraft:block/iron_ore
[2026-08-06 18:50:36.439] [DEBUG] Texture resolved from version jar: minecraft:block/oak_leaves
[2026-08-06 18:50:36.445] [DEBUG] Texture resolved from version jar: minecraft:block/stone
[2026-08-06 18:50:36.442] [DEBUG] Texture resolved from version jar: minecraft:block/birch_leaves
[2026-08-06 18:50:36.788] [DEBUG] mesh(-6,-1): surface=256/256 verts=3006 trans=13842 paths=8
[2026-08-06 18:50:36.873] [WARN] Asset index not found for version '1.21.1' in /storage/emulated/0/FCL/.minecraft/assets/indexes/1.21.1.json
[2026-08-06 18:50:36.876] [WARN] Asset index not found for version '1.21.1' in /storage/emulated/0/FCL/.minecraft/assets/indexes/1.21.1.json
[2026-08-06 18:50:36.877] [WARN] Asset index not found for version '1.21.1' in /storage/emulated/0/FCL/.minecraft/assets/indexes/1.21.1.json
[2026-08-06 18:50:36.884] [WARN] Asset index not found for version '1.21.1' in /storage/emulated/0/FCL/.minecraft/assets/indexes/1.21.1.json
[2026-08-06 18:50:36.884] [WARN] Asset index not found for version '1.21.1' in /storage/emulated/0/FCL/.minecraft/assets/indexes/1.21.1.json
[2026-08-06 18:50:36.888] [WARN] Asset index not found for version '1.21.1' in /storage/emulated/0/FCL/.minecraft/assets/indexes/1.21.1.json
[2026-08-06 18:50:36.889] [DEBUG] Texture resolved from version jar: minecraft:block/dirt
[2026-08-06 18:50:36.890] [DEBUG] Texture resolved from version jar: minecraft:block/oak_leaves
[2026-08-06 18:50:36.891] [WARN] Asset index not found for version '1.21.1' in /storage/emulated/0/FCL/.minecraft/assets/indexes/1.21.1.json
[2026-08-06 18:50:36.891] [DEBUG] Texture resolved from version jar: minecraft:block/grass_block_side
[2026-08-06 18:50:36.892] [WARN] Asset index not found for version '1.21.1' in /storage/emulated/0/FCL/.minecraft/assets/indexes/1.21.1.json
[2026-08-06 18:50:36.894] [DEBUG] ensureChunksAround: dropping 1 chunks (cx=9,cz=-14, cam=157.13177,-223.66277)
[2026-08-06 18:50:36.895] [DEBUG] Texture resolved from version jar: minecraft:block/short_grass
[2026-08-06 18:50:36.896] [DEBUG] Texture resolved from version jar: minecraft:block/stone
[2026-08-06 18:50:36.899] [DEBUG] Texture resolved from version jar: minecraft:block/oak_log_top
[2026-08-06 18:50:36.904] [DEBUG] Texture resolved from version jar: minecraft:block/grass_block_top
[2026-08-06 18:50:36.903] [DEBUG] Texture resolved from version jar: minecraft:block/oak_log
[2026-08-06 18:50:37.247] [DEBUG] mesh(-6,3): surface=256/256 verts=4236 trans=13146 paths=14
[2026-08-06 18:50:37.326] [WARN] Asset index not found for version '1.21.1' in /storage/emulated/0/FCL/.minecraft/assets/indexes/1.21.1.json
[2026-08-06 18:50:37.327] [WARN] Asset index not found for version '1.21.1' in /storage/emulated/0/FCL/.minecraft/assets/indexes/1.21.1.json
[2026-08-06 18:50:37.328] [WARN] Asset index not found for version '1.21.1' in /storage/emulated/0/FCL/.minecraft/assets/indexes/1.21.1.json
[2026-08-06 18:50:37.330] [WARN] Asset index not found for version '1.21.1' in /storage/emulated/0/FCL/.minecraft/assets/indexes/1.21.1.json
[2026-08-06 18:50:37.329] [WARN] Asset index not found for version '1.21.1' in /storage/emulated/0/FCL/.minecraft/assets/indexes/1.21.1.json
[2026-08-06 18:50:37.337] [DEBUG] Texture resolved from version jar: minecraft:block/oak_log_top
[2026-08-06 18:50:37.332] [WARN] Asset index not found for version '1.21.1' in /storage/emulated/0/FCL/.minecraft/assets/indexes/1.21.1.json
[2026-08-06 18:50:37.345] [WARN] Asset index not found for version '1.21.1' in /storage/emulated/0/FCL/.minecraft/assets/indexes/1.21.1.json
[2026-08-06 18:50:37.347] [WARN] Asset index not found for version '1.21.1' in /storage/emulated/0/FCL/.minecraft/assets/indexes/1.21.1.json
[2026-08-06 18:50:37.348] [DEBUG] Texture resolved from version jar: minecraft:block/oak_leaves
[2026-08-06 18:50:37.351] [DEBUG] Texture resolved from version jar: minecraft:block/grass_block_side
[2026-08-06 18:50:37.345] [DEBUG] ensureChunksAround: dropping 1 chunks (cx=9,cz=-14, cam=157.13177,-223.66277)
[2026-08-06 18:50:37.357] [WARN] Asset index not found for version '1.21.1' in /storage/emulated/0/FCL/.minecraft/assets/indexes/1.21.1.json
[2026-08-06 18:50:37.350] [WARN] Asset index not found for version '1.21.1' in /storage/emulated/0/FCL/.minecraft/assets/indexes/1.21.1.json
[2026-08-06 18:50:37.362] [WARN] Asset index not found for version '1.21.1' in /storage/emulated/0/FCL/.minecraft/assets/indexes/1.21.1.json
[2026-08-06 18:50:37.362] [DEBUG] Texture resolved from version jar: minecraft:block/grass_block_top
[2026-08-06 18:50:37.364] [WARN] Asset index not found for version '1.21.1' in /storage/emulated/0/FCL/.minecraft/assets/indexes/1.21.1.json
[2026-08-06 18:50:37.367] [WARN] Asset index not found for version '1.21.1' in /storage/emulated/0/FCL/.minecraft/assets/indexes/1.21.1.json
[2026-08-06 18:50:37.361] [WARN] Asset index not found for version '1.21.1' in /storage/emulated/0/FCL/.minecraft/assets/indexes/1.21.1.json
[2026-08-06 18:50:37.379] [DEBUG] Texture resolved from version jar: minecraft:block/dirt
[2026-08-06 18:50:37.381] [DEBUG] Texture resolved from version jar: minecraft:block/stone
[2026-08-06 18:50:37.386] [DEBUG] Texture resolved from version jar: minecraft:block/oak_log
[2026-08-06 18:50:37.387] [DEBUG] Texture resolved from version jar: minecraft:block/coal_ore
[2026-08-06 18:50:37.388] [DEBUG] Texture resolved from version jar: minecraft:block/birch_leaves
[2026-08-06 18:50:37.394] [DEBUG] Texture resolved from version jar: minecraft:block/lilac_top
[2026-08-06 18:50:37.394] [DEBUG] Texture resolved from version jar: minecraft:block/short_grass
[2026-08-06 18:50:37.392] [DEBUG] Texture resolved from version jar: minecraft:block/birch_log
[2026-08-06 18:50:37.395] [DEBUG] Texture resolved from version jar: minecraft:block/lilac_bottom
[2026-08-06 18:50:37.395] [DEBUG] Texture resolved from version jar: minecraft:block/birch_log_top
[2026-08-06 18:50:37.597] [DEBUG] mesh(-5,-4): surface=256/256 verts=3750 trans=7416 paths=13
[2026-08-06 18:50:37.645] [WARN] Asset index not found for version '1.21.1' in /storage/emulated/0/FCL/.minecraft/assets/indexes/1.21.1.json
[2026-08-06 18:50:37.647] [WARN] Asset index not found for version '1.21.1' in /storage/emulated/0/FCL/.minecraft/assets/indexes/1.21.1.json
[2026-08-06 18:50:37.647] [WARN] Asset index not found for version '1.21.1' in /storage/emulated/0/FCL/.minecraft/assets/indexes/1.21.1.json
[2026-08-06 18:50:37.649] [WARN] Asset index not found for version '1.21.1' in /storage/emulated/0/FCL/.minecraft/assets/indexes/1.21.1.json
[2026-08-06 18:50:37.654] [WARN] Asset index not found for version '1.21.1' in /storage/emulated/0/FCL/.minecraft/assets/indexes/1.21.1.json
[2026-08-06 18:50:37.655] [WARN] Asset index not found for version '1.21.1' in /storage/emulated/0/FCL/.minecraft/assets/indexes/1.21.1.json
[2026-08-06 18:50:37.657] [WARN] Asset index not found for version '1.21.1' in /storage/emulated/0/FCL/.minecraft/assets/indexes/1.21.1.json
[2026-08-06 18:50:37.659] [WARN] Asset index not found for version '1.21.1' in /storage/emulated/0/FCL/.minecraft/assets/indexes/1.21.1.json
[2026-08-06 18:50:37.654] [DEBUG] ensureChunksAround: dropping 1 chunks (cx=9,cz=-14, cam=157.13177,-223.66277)
[2026-08-06 18:50:37.661] [WARN] Asset index not found for version '1.21.1' in /storage/emulated/0/FCL/.minecraft/assets/indexes/1.21.1.json
[2026-08-06 18:50:37.664] [DEBUG] Texture resolved from version jar: minecraft:block/grass_block_side
[2026-08-06 18:50:37.667] [DEBUG] Texture resolved from version jar: minecraft:block/grass_block_top
[2026-08-06 18:50:37.668] [DEBUG] Texture resolved from version jar: minecraft:block/dirt
[2026-08-06 18:50:37.669] [WARN] Asset index not found for version '1.21.1' in /storage/emulated/0/FCL/.minecraft/assets/indexes/1.21.1.json
[2026-08-06 18:50:37.671] [WARN] Asset index not found for version '1.21.1' in /storage/emulated/0/FCL/.minecraft/assets/indexes/1.21.1.json
[2026-08-06 18:50:37.673] [WARN] Asset index not found for version '1.21.1' in /storage/emulated/0/FCL/.minecraft/assets/indexes/1.21.1.json
[2026-08-06 18:50:37.677] [DEBUG] Texture resolved from version jar: minecraft:block/birch_leaves
[2026-08-06 18:50:37.677] [DEBUG] Texture resolved from version jar: minecraft:block/birch_log_top
[2026-08-06 18:50:37.679] [DEBUG] Texture resolved from version jar: minecraft:block/birch_log
[2026-08-06 18:50:37.685] [DEBUG] Texture resolved from version jar: minecraft:block/short_grass
[2026-08-06 18:50:37.686] [DEBUG] Texture resolved from version jar: minecraft:block/oak_log_top
[2026-08-06 18:50:37.684] [DEBUG] Texture resolved from version jar: minecraft:block/oak_leaves
[2026-08-06 18:50:37.688] [DEBUG] Texture resolved from version jar: minecraft:block/water_still
[2026-08-06 18:50:37.687] [DEBUG] Texture resolved from version jar: minecraft:block/oak_log
[2026-08-06 18:50:37.682] [DEBUG] Texture resolved from version jar: minecraft:block/stone
[2026-08-06 18:50:37.676] [WARN] Asset index not found for version '1.21.1' in /storage/emulated/0/FCL/.minecraft/assets/indexes/1.21.1.json
[2026-08-06 18:50:37.692] [DEBUG] Texture resolved from version jar: minecraft:block/gravel
[2026-08-06 18:50:37.977] [DEBUG] mesh(-6,0): surface=256/256 verts=2946 trans=15396 paths=7
[2026-08-06 18:50:38.062] [WARN] Asset index not found for version '1.21.1' in /storage/emulated/0/FCL/.minecraft/assets/indexes/1.21.1.json
[2026-08-06 18:50:38.064] [WARN] Asset index not found for version '1.21.1' in /storage/emulated/0/FCL/.minecraft/assets/indexes/1.21.1.json
[2026-08-06 18:50:38.067] [DEBUG] Texture resolved from version jar: minecraft:block/grass_block_top
[2026-08-06 18:50:38.069] [DEBUG] Texture resolved from version jar: minecraft:block/grass_block_side
[2026-08-06 18:50:38.073] [WARN] Asset index not found for version '1.21.1' in /storage/emulated/0/FCL/.minecraft/assets/indexes/1.21.1.json
[2026-08-06 18:50:38.074] [WARN] Asset index not found for version '1.21.1' in /storage/emulated/0/FCL/.minecraft/assets/indexes/1.21.1.json
[2026-08-06 18:50:38.075] [WARN] Asset index not found for version '1.21.1' in /storage/emulated/0/FCL/.minecraft/assets/indexes/1.21.1.json
[2026-08-06 18:50:38.081] [DEBUG] ensureChunksAround: dropping 1 chunks (cx=9,cz=-14, cam=157.13177,-223.66277)
[2026-08-06 18:50:38.075] [WARN] Asset index not found for version '1.21.1' in /storage/emulated/0/FCL/.minecraft/assets/indexes/1.21.1.json
[2026-08-06 18:50:38.078] [WARN] Asset index not found for version '1.21.1' in /storage/emulated/0/FCL/.minecraft/assets/indexes/1.21.1.json
[2026-08-06 18:50:38.087] [DEBUG] Texture resolved from version jar: minecraft:block/oak_leaves
[2026-08-06 18:50:38.094] [DEBUG] Texture resolved from version jar: minecraft:block/oak_log
[2026-08-06 18:50:38.096] [DEBUG] Texture resolved from version jar: minecraft:block/oak_log_top
[2026-08-06 18:50:38.100] [DEBUG] Texture resolved from version jar: minecraft:block/short_grass
[2026-08-06 18:50:38.099] [DEBUG] Texture resolved from version jar: minecraft:block/dirt
[2026-08-06 18:50:38.431] [DEBUG] mesh(-6,-3): surface=256/256 verts=3630 trans=17478 paths=9
[2026-08-06 18:50:38.526] [WARN] Asset index not found for version '1.21.1' in /storage/emulated/0/FCL/.minecraft/assets/indexes/1.21.1.json
[2026-08-06 18:50:38.526] [WARN] Asset index not found for version '1.21.1' in /storage/emulated/0/FCL/.minecraft/assets/indexes/1.21.1.json
[2026-08-06 18:50:38.531] [WARN] Asset index not found for version '1.21.1' in /storage/emulated/0/FCL/.minecraft/assets/indexes/1.21.1.json
[2026-08-06 18:50:38.532] [WARN] Asset index not found for version '1.21.1' in /storage/emulated/0/FCL/.minecraft/assets/indexes/1.21.1.json
[2026-08-06 18:50:38.534] [WARN] Asset index not found for version '1.21.1' in /storage/emulated/0/FCL/.minecraft/assets/indexes/1.21.1.json
[2026-08-06 18:50:38.540] [WARN] Asset index not found for version '1.21.1' in /storage/emulated/0/FCL/.minecraft/assets/indexes/1.21.1.json
[2026-08-06 18:50:38.543] [WARN] Asset index not found for version '1.21.1' in /storage/emulated/0/FCL/.minecraft/assets/indexes/1.21.1.json
[2026-08-06 18:50:38.541] [DEBUG] ensureChunksAround: dropping 1 chunks (cx=9,cz=-14, cam=157.13177,-223.66277)
[2026-08-06 18:50:38.546] [WARN] Asset index not found for version '1.21.1' in /storage/emulated/0/FCL/.minecraft/assets/indexes/1.21.1.json
[2026-08-06 18:50:38.550] [WARN] Asset index not found for version '1.21.1' in /storage/emulated/0/FCL/.minecraft/assets/indexes/1.21.1.json
[2026-08-06 18:50:38.551] [DEBUG] Texture resolved from version jar: minecraft:block/grass_block_side
[2026-08-06 18:50:38.554] [DEBUG] Texture resolved from version jar: minecraft:block/oak_leaves
[2026-08-06 18:50:38.555] [DEBUG] Texture resolved from version jar: minecraft:block/oak_log
[2026-08-06 18:50:38.555] [DEBUG] Texture resolved from version jar: minecraft:block/grass_block_top
[2026-08-06 18:50:38.556] [DEBUG] Texture resolved from version jar: minecraft:block/dirt
[2026-08-06 18:50:38.559] [DEBUG] Texture resolved from version jar: minecraft:block/stone
[2026-08-06 18:50:38.559] [DEBUG] Texture resolved from version jar: minecraft:block/oak_log_top
[2026-08-06 18:50:38.559] [DEBUG] Texture resolved from version jar: minecraft:block/birch_leaves
[2026-08-06 18:50:38.561] [DEBUG] Texture resolved from version jar: minecraft:block/short_grass
[2026-08-06 18:50:38.796] [DEBUG] mesh(-6,1): surface=256/256 verts=3558 trans=9906 paths=11
[2026-08-06 18:50:38.819] [WARN] Asset index not found for version '1.21.1' in /storage/emulated/0/FCL/.minecraft/assets/indexes/1.21.1.json
[2026-08-06 18:50:38.819] [WARN] Asset index not found for version '1.21.1' in /storage/emulated/0/FCL/.minecraft/assets/indexes/1.21.1.json
[2026-08-06 18:50:38.823] [WARN] Asset index not found for version '1.21.1' in /storage/emulated/0/FCL/.minecraft/assets/indexes/1.21.1.json
[2026-08-06 18:50:38.824] [WARN] Asset index not found for version '1.21.1' in /storage/emulated/0/FCL/.minecraft/assets/indexes/1.21.1.json
[2026-08-06 18:50:38.824] [WARN] Asset index not found for version '1.21.1' in /storage/emulated/0/FCL/.minecraft/assets/indexes/1.21.1.json
[2026-08-06 18:50:38.826] [WARN] Asset index not found for version '1.21.1' in /storage/emulated/0/FCL/.minecraft/assets/indexes/1.21.1.json
[2026-08-06 18:50:38.827] [WARN] Asset index not found for version '1.21.1' in /storage/emulated/0/FCL/.minecraft/assets/indexes/1.21.1.json
[2026-08-06 18:50:38.828] [WARN] Asset index not found for version '1.21.1' in /storage/emulated/0/FCL/.minecraft/assets/indexes/1.21.1.json
[2026-08-06 18:50:38.829] [WARN] Asset index not found for version '1.21.1' in /storage/emulated/0/FCL/.minecraft/assets/indexes/1.21.1.json
[2026-08-06 18:50:38.831] [WARN] Asset index not found for version '1.21.1' in /storage/emulated/0/FCL/.minecraft/assets/indexes/1.21.1.json
[2026-08-06 18:50:38.833] [DEBUG] Texture resolved from version jar: minecraft:block/grass_block_side
[2026-08-06 18:50:38.833] [DEBUG] ensureChunksAround: dropping 1 chunks (cx=9,cz=-14, cam=157.13177,-223.66277)
[2026-08-06 18:50:38.828] [WARN] Asset index not found for version '1.21.1' in /storage/emulated/0/FCL/.minecraft/assets/indexes/1.21.1.json
[2026-08-06 18:50:38.844] [DEBUG] Texture resolved from version jar: minecraft:block/grass_block_top
[2026-08-06 18:50:38.846] [DEBUG] Texture resolved from version jar: minecraft:block/birch_leaves
[2026-08-06 18:50:38.847] [DEBUG] Texture resolved from version jar: minecraft:block/oak_leaves
[2026-08-06 18:50:38.847] [DEBUG] Texture resolved from version jar: minecraft:block/stone
[2026-08-06 18:50:38.848] [DEBUG] Texture resolved from version jar: minecraft:block/birch_log
[2026-08-06 18:50:38.849] [DEBUG] Texture resolved from version jar: minecraft:block/short_grass
[2026-08-06 18:50:38.850] [DEBUG] Texture resolved from version jar: minecraft:block/birch_log_top
[2026-08-06 18:50:38.851] [DEBUG] Texture resolved from version jar: minecraft:block/oak_log
[2026-08-06 18:50:38.849] [DEBUG] Texture resolved from version jar: minecraft:block/dirt
[2026-08-06 18:50:38.854] [DEBUG] Texture resolved from version jar: minecraft:block/oak_log_top
[2026-08-06 18:50:39.225] [DEBUG] mesh(-6,2): surface=256/256 verts=7596 trans=8142 paths=16
[2026-08-06 18:50:39.255] [WARN] Asset index not found for version '1.21.1' in /storage/emulated/0/FCL/.minecraft/assets/indexes/1.21.1.json
[2026-08-06 18:50:39.255] [WARN] Asset index not found for version '1.21.1' in /storage/emulated/0/FCL/.minecraft/assets/indexes/1.21.1.json
[2026-08-06 18:50:39.258] [WARN] Asset index not found for version '1.21.1' in /storage/emulated/0/FCL/.minecraft/assets/indexes/1.21.1.json
[2026-08-06 18:50:39.260] [WARN] Asset index not found for version '1.21.1' in /storage/emulated/0/FCL/.minecraft/assets/indexes/1.21.1.json
[2026-08-06 18:50:39.262] [DEBUG] Texture resolved from version jar: minecraft:block/grass_block_top
[2026-08-06 18:50:39.265] [WARN] Asset index not found for version '1.21.1' in /storage/emulated/0/FCL/.minecraft/assets/indexes/1.21.1.json
[2026-08-06 18:50:39.262] [DEBUG] Texture resolved from version jar: minecraft:block/grass_block_side
[2026-08-06 18:50:39.272] [DEBUG] ensureChunksAround: dropping 1 chunks (cx=9,cz=-14, cam=157.13177,-223.66277)
[2026-08-06 18:50:39.268] [DEBUG] Texture resolved from version jar: minecraft:block/dirt
[2026-08-06 18:50:39.277] [WARN] Asset index not found for version '1.21.1' in /storage/emulated/0/FCL/.minecraft/assets/indexes/1.21.1.json
[2026-08-06 18:50:39.277] [WARN] Asset index not found for version '1.21.1' in /storage/emulated/0/FCL/.minecraft/assets/indexes/1.21.1.json
[2026-08-06 18:50:39.283] [WARN] Asset index not found for version '1.21.1' in /storage/emulated/0/FCL/.minecraft/assets/indexes/1.21.1.json
[2026-08-06 18:50:39.286] [DEBUG] Texture resolved from version jar: minecraft:block/birch_leaves
[2026-08-06 18:50:39.287] [WARN] Asset index not found for version '1.21.1' in /storage/emulated/0/FCL/.minecraft/assets/indexes/1.21.1.json
[2026-08-06 18:50:39.290] [WARN] Asset index not found for version '1.21.1' in /storage/emulated/0/FCL/.minecraft/assets/indexes/1.21.1.json
[2026-08-06 18:50:39.294] [WARN] Asset index not found for version '1.21.1' in /storage/emulated/0/FCL/.minecraft/assets/indexes/1.21.1.json
[2026-08-06 18:50:39.287] [WARN] Asset index not found for version '1.21.1' in /storage/emulated/0/FCL/.minecraft/assets/indexes/1.21.1.json
[2026-08-06 18:50:39.307] [WARN] Asset index not found for version '1.21.1' in /storage/emulated/0/FCL/.minecraft/assets/indexes/1.21.1.json
[2026-08-06 18:50:39.304] [WARN] Asset index not found for version '1.21.1' in /storage/emulated/0/FCL/.minecraft/assets/indexes/1.21.1.json
[2026-08-06 18:50:39.313] [DEBUG] Texture resolved from version jar: minecraft:block/stone
[2026-08-06 18:50:39.314] [WARN] Asset index not found for version '1.21.1' in /storage/emulated/0/FCL/.minecraft/assets/indexes/1.21.1.json
[2026-08-06 18:50:39.319] [DEBUG] Texture resolved from version jar: minecraft:block/coal_ore
[2026-08-06 18:50:39.320] [DEBUG] Texture resolved from version jar: minecraft:block/short_grass
[2026-08-06 18:50:39.322] [DEBUG] Texture resolved from version jar: minecraft:block/oak_leaves
[2026-08-06 18:50:39.322] [WARN] Asset index not found for version '1.21.1' in /storage/emulated/0/FCL/.minecraft/assets/indexes/1.21.1.json
[2026-08-06 18:50:39.328] [DEBUG] Texture resolved from version jar: minecraft:block/cobblestone
[2026-08-06 18:50:39.333] [DEBUG] Texture resolved from version jar: minecraft:block/copper_ore
[2026-08-06 18:50:39.337] [DEBUG] Texture resolved from version jar: minecraft:block/birch_log_top
[2026-08-06 18:50:39.334] [DEBUG] Texture resolved from version jar: minecraft:block/oak_log
[2026-08-06 18:50:39.338] [DEBUG] Texture resolved from version jar: minecraft:block/oak_log_top
[2026-08-06 18:50:39.344] [DEBUG] Texture resolved from version jar: minecraft:block/birch_log
[2026-08-06 18:50:39.346] [DEBUG] Texture resolved from version jar: minecraft:block/lilac_top
[2026-08-06 18:50:39.348] [DEBUG] Texture resolved from version jar: minecraft:block/lilac_bottom
[2026-08-06 18:50:39.526] [DEBUG] mesh(-6,-2): surface=256/256 verts=2850 trans=14076 paths=10
[2026-08-06 18:50:39.609] [DEBUG] ensureChunksAround: dropping 1 chunks (cx=9,cz=-14, cam=157.13177,-223.66277)
[2026-08-06 18:50:39.770] [DEBUG] mesh(-6,3): surface=256/256 verts=4236 trans=13146 paths=14
[2026-08-06 18:50:39.859] [DEBUG] ensureChunksAround: dropping 1 chunks (cx=9,cz=-14, cam=157.13177,-223.66277)
[2026-08-06 18:50:39.969] [DEBUG] mesh(-5,-4): surface=256/256 verts=3750 trans=7416 paths=13
[2026-08-06 18:50:40.022] [DEBUG] ensureChunksAround: dropping 1 chunks (cx=9,cz=-14, cam=157.13177,-223.66277)
[2026-08-06 18:50:40.255] [DEBUG] mesh(-6,2): surface=256/256 verts=7596 trans=8142 paths=16
[2026-08-06 18:50:40.342] [DEBUG] ensureChunksAround: dropping 1 chunks (cx=9,cz=-14, cam=157.13177,-223.66277)
[2026-08-06 18:50:40.748] [DEBUG] SAF openPFD OK: region/r.0.-1.mca
[2026-08-06 18:50:40.750] [DEBUG] Opened region: fd
[2026-08-06 18:50:41.112] [DEBUG] mesh(3,-17): surface=256/256 verts=3720 trans=13500 paths=9
[2026-08-06 18:50:41.502] [DEBUG] mesh(3,-16): surface=256/256 verts=4086 trans=13182 paths=11
[2026-08-06 18:50:41.890] [DEBUG] mesh(3,-15): surface=256/256 verts=6294 trans=4854 paths=10
[2026-08-06 18:50:42.221] [DEBUG] mesh(3,-14): surface=256/256 verts=1854 trans=3366 paths=9
[2026-08-06 18:50:42.247] [WARN] Asset index not found for version '1.21.1' in /storage/emulated/0/FCL/.minecraft/assets/indexes/1.21.1.json
[2026-08-06 18:50:42.253] [DEBUG] Texture resolved from version jar: minecraft:block/sand
[2026-08-06 18:50:42.505] [DEBUG] mesh(3,-13): surface=256/256 verts=0 trans=3072 paths=1
[2026-08-06 18:50:42.766] [DEBUG] mesh(3,-12): surface=256/256 verts=0 trans=3072 paths=1
[2026-08-06 18:50:43.021] [DEBUG] mesh(3,-11): surface=256/256 verts=0 trans=3072 paths=1
[2026-08-06 18:50:43.362] [DEBUG] mesh(4,-18): surface=256/256 verts=3246 trans=14586 paths=10
[2026-08-06 18:50:43.529] [DEBUG] mesh(3,-14): surface=256/256 verts=1854 trans=3366 paths=9
[2026-08-06 18:50:43.916] [DEBUG] mesh(4,-17): surface=256/256 verts=3912 trans=14796 paths=11
[2026-08-06 18:50:44.391] [DEBUG] mesh(4,-16): surface=256/256 verts=6186 trans=13428 paths=11
[2026-08-06 18:50:44.508] [WARN] Asset index not found for version '1.21.1' in /storage/emulated/0/FCL/.minecraft/assets/indexes/1.21.1.json
[2026-08-06 18:50:44.518] [DEBUG] Texture resolved from version jar: minecraft:block/bamboo_planks
[2026-08-06 18:50:44.770] [DEBUG] mesh(4,-15): surface=256/256 verts=1080 trans=2538 paths=5
[2026-08-06 18:50:45.122] [DEBUG] mesh(6,-17): surface=256/256 verts=8466 trans=1902 paths=11
[2026-08-06 18:50:45.167] [WARN] Asset index not found for version '1.21.1' in /storage/emulated/0/FCL/.minecraft/assets/indexes/1.21.1.json
[2026-08-06 18:50:45.167] [WARN] Asset index not found for version '1.21.1' in /storage/emulated/0/FCL/.minecraft/assets/indexes/1.21.1.json
[2026-08-06 18:50:45.175] [DEBUG] Texture resolved from version jar: minecraft:block/andesite
[2026-08-06 18:50:45.177] [DEBUG] Texture resolved from version jar: minecraft:block/granite
[2026-08-06 18:50:45.531] [DEBUG] mesh(4,-13): surface=256/256 verts=2688 trans=6720 paths=10
[2026-08-06 18:50:45.879] [DEBUG] mesh(4,-14): surface=256/256 verts=2442 trans=10434 paths=11
[2026-08-06 18:50:46.166] [DEBUG] mesh(4,-16): surface=256/256 verts=6222 trans=13428 paths=11
[2026-08-06 18:50:46.563] [DEBUG] mesh(4,-12): surface=256/256 verts=1158 trans=8370 paths=15
[2026-08-06 18:50:46.606] [WARN] Asset index not found for version '1.21.1' in /storage/emulated/0/FCL/.minecraft/assets/indexes/1.21.1.json
[2026-08-06 18:50:46.606] [WARN] Asset index not found for version '1.21.1' in /storage/emulated/0/FCL/.minecraft/assets/indexes/1.21.1.json
[2026-08-06 18:50:46.615] [DEBUG] Texture resolved from version jar: minecraft:block/magma
[2026-08-06 18:50:46.632] [WARN] Asset index not found for version '1.21.1' in /storage/emulated/0/FCL/.minecraft/assets/indexes/1.21.1.json
[2026-08-06 18:50:46.654] [WARN] All texture sources failed for: minecraft:block/bubble_column
[2026-08-06 18:50:46.815] [DEBUG] mesh(6,-17): surface=256/256 verts=8466 trans=1902 paths=11
[2026-08-06 18:50:47.360] [WARN] Asset index not found for version '1.21.1' in /storage/emulated/0/FCL/.minecraft/assets/indexes/1.21.1.json
[2026-08-06 18:50:47.364] [DEBUG] Texture resolved from version jar: minecraft:block/seagrass
[2026-08-06 18:50:47.754] [ERROR] Texture unavailable for 'minecraft:block/bubble_column' — local assets, mods and network all failed
[2026-08-06 18:50:49.297] [WARN] Asset index not found for version '1.21.1' in /storage/emulated/0/FCL/.minecraft/assets/indexes/1.21.1.json
[2026-08-06 18:50:49.300] [WARN] Asset index not found for version '1.21.1' in /storage/emulated/0/FCL/.minecraft/assets/indexes/1.21.1.json
[2026-08-06 18:50:49.321] [DEBUG] Texture resolved from version jar: minecraft:block/tall_seagrass_top
[2026-08-06 18:50:49.327] [DEBUG] Texture resolved from version jar: minecraft:block/tall_seagrass_bottom
[2026-08-06 18:50:49.871] [WARN] Asset index not found for version '1.21.1' in /storage/emulated/0/FCL/.minecraft/assets/indexes/1.21.1.json
[2026-08-06 18:50:49.875] [DEBUG] Texture resolved from version jar: minecraft:block/diorite
[2026-08-06 18:50:50.345] [WARN] Asset index not found for version '1.21.1' in /storage/emulated/0/FCL/.minecraft/assets/indexes/1.21.1.json
[2026-08-06 18:50:50.350] [DEBUG] Texture resolved from version jar: minecraft:block/diorite
[2026-08-06 18:50:54.116] [WARN] Asset index not found for version '1.21.1' in /storage/emulated/0/FCL/.minecraft/assets/indexes/1.21.1.json
[2026-08-06 18:50:54.118] [WARN] Asset index not found for version '1.21.1' in /storage/emulated/0/FCL/.minecraft/assets/indexes/1.21.1.json
[2026-08-06 18:50:54.121] [DEBUG] Texture resolved from version jar: minecraft:block/crafting_table_front
[2026-08-06 18:50:54.122] [DEBUG] Texture resolved from version jar: minecraft:block/crafting_table_top
[2026-08-06 18:50:54.114] [WARN] Asset index not found for version '1.21.1' in /storage/emulated/0/FCL/.minecraft/assets/indexes/1.21.1.json
[2026-08-06 18:50:54.126] [DEBUG] Texture resolved from version jar: minecraft:block/oak_planks
[2026-08-06 18:50:54.122] [WARN] Asset index not found for version '1.21.1' in /storage/emulated/0/FCL/.minecraft/assets/indexes/1.21.1.json
[2026-08-06 18:50:54.132] [DEBUG] Texture resolved from version jar: minecraft:block/torch
[2026-08-06 18:50:54.762] [WARN] Asset index not found for version '1.21.1' in /storage/emulated/0/FCL/.minecraft/assets/indexes/1.21.1.json
[2026-08-06 18:50:54.779] [DEBUG] Texture resolved from version jar: minecraft:block/cherry_log
[2026-08-06 18:50:55.557] [WARN] Asset index not found for version '1.21.1' in /storage/emulated/0/FCL/.minecraft/assets/indexes/1.21.1.json
[2026-08-06 18:50:55.556] [WARN] Asset index not found for version '1.21.1' in /storage/emulated/0/FCL/.minecraft/assets/indexes/1.21.1.json
[2026-08-06 18:50:55.561] [WARN] Asset index not found for version '1.21.1' in /storage/emulated/0/FCL/.minecraft/assets/indexes/1.21.1.json
[2026-08-06 18:50:55.563] [WARN] Asset index not found for version '1.21.1' in /storage/emulated/0/FCL/.minecraft/assets/indexes/1.21.1.json
[2026-08-06 18:50:55.565] [WARN] Asset index not found for version '1.21.1' in /storage/emulated/0/FCL/.minecraft/assets/indexes/1.21.1.json
[2026-08-06 18:50:55.574] [WARN] Asset index not found for version '1.21.1' in /storage/emulated/0/FCL/.minecraft/assets/indexes/1.21.1.json
[2026-08-06 18:50:55.582] [DEBUG] Texture resolved from version jar: minecraft:block/clay
[2026-08-06 18:50:55.584] [DEBUG] Texture resolved from version jar: minecraft:block/bamboo_stalk
[2026-08-06 18:50:55.585] [DEBUG] Texture resolved from version jar: minecraft:block/lantern
[2026-08-06 18:50:55.586] [DEBUG] Texture resolved from version jar: minecraft:block/bamboo_small_leaves
[2026-08-06 18:50:55.587] [DEBUG] Texture resolved from version jar: minecraft:block/bamboo_large_leaves
[2026-08-06 18:50:55.587] [DEBUG] Texture resolved from version jar: minecraft:block/stone_bricks
[2026-08-06 18:50:56.043] [WARN] Asset index not found for version '1.21.1' in /storage/emulated/0/FCL/.minecraft/assets/indexes/1.21.1.json
[2026-08-06 18:50:56.048] [DEBUG] Texture resolved from version jar: minecraft:block/lily_of_the_valley
[2026-08-06 18:50:57.975] [WARN] Asset index not found for version '1.21.1' in /storage/emulated/0/FCL/.minecraft/assets/indexes/1.21.1.json
[2026-08-06 18:50:57.980] [DEBUG] Texture resolved from version jar: minecraft:block/lily_of_the_valley
[2026-08-06 18:51:01.564] [WARN] Asset index not found for version '1.21.1' in /storage/emulated/0/FCL/.minecraft/assets/indexes/1.21.1.json
[2026-08-06 18:51:01.586] [WARN] Asset index not found for version '1.21.1' in /storage/emulated/0/FCL/.minecraft/assets/indexes/1.21.1.json
[2026-08-06 18:51:01.589] [WARN] All texture sources failed for: minecraft:block/bubble_column
[2026-08-06 18:51:01.902] [WARN] Asset index not found for version '1.21.1' in /storage/emulated/0/FCL/.minecraft/assets/indexes/1.21.1.json
[2026-08-06 18:51:01.909] [DEBUG] Texture resolved from version jar: minecraft:block/vine
[2026-08-06 18:51:02.287] [WARN] Asset index not found for version '1.21.1' in /storage/emulated/0/FCL/.minecraft/assets/indexes/1.21.1.json
[2026-08-06 18:51:02.292] [DEBUG] Texture resolved from version jar: minecraft:block/lapis_ore
[2026-08-06 18:51:03.073] [ERROR] Texture unavailable for 'minecraft:block/bubble_column' — local assets, mods and network all failed
[2026-08-06 18:51:10.318] [WARN] Asset index not found for version '1.21.1' in /storage/emulated/0/FCL/.minecraft/assets/indexes/1.21.1.json
[2026-08-06 18:51:10.318] [WARN] Asset index not found for version '1.21.1' in /storage/emulated/0/FCL/.minecraft/assets/indexes/1.21.1.json
[2026-08-06 18:51:10.324] [DEBUG] Texture resolved from version jar: minecraft:block/dandelion
[2026-08-06 18:51:10.326] [DEBUG] Texture resolved from version jar: minecraft:block/poppy
[2026-08-06 18:51:10.803] [WARN] Asset index not found for version '1.21.1' in /storage/emulated/0/FCL/.minecraft/assets/indexes/1.21.1.json
[2026-08-06 18:51:10.806] [DEBUG] Texture resolved from version jar: minecraft:block/cherry_log_top
[2026-08-06 18:51:11.037] [WARN] Asset index not found for version '1.21.1' in /storage/emulated/0/FCL/.minecraft/assets/indexes/1.21.1.json
[2026-08-06 18:51:11.039] [DEBUG] Texture resolved from version jar: minecraft:block/cherry_log_top
[2026-08-06 18:51:12.698] [WARN] Asset index not found for version '1.21.1' in /storage/emulated/0/FCL/.minecraft/assets/indexes/1.21.1.json
[2026-08-06 18:51:12.698] [WARN] Asset index not found for version '1.21.1' in /storage/emulated/0/FCL/.minecraft/assets/indexes/1.21.1.json
[2026-08-06 18:51:12.702] [WARN] Asset index not found for version '1.21.1' in /storage/emulated/0/FCL/.minecraft/assets/indexes/1.21.1.json
[2026-08-06 18:51:12.705] [WARN] Asset index not found for version '1.21.1' in /storage/emulated/0/FCL/.minecraft/assets/indexes/1.21.1.json
[2026-08-06 18:51:12.707] [WARN] Asset index not found for version '1.21.1' in /storage/emulated/0/FCL/.minecraft/assets/indexes/1.21.1.json
[2026-08-06 18:51:12.708] [WARN] Asset index not found for version '1.21.1' in /storage/emulated/0/FCL/.minecraft/assets/indexes/1.21.1.json
[2026-08-06 18:51:12.710] [WARN] Asset index not found for version '1.21.1' in /storage/emulated/0/FCL/.minecraft/assets/indexes/1.21.1.json
[2026-08-06 18:51:12.713] [DEBUG] Texture resolved from version jar: minecraft:block/cherry_planks
[2026-08-06 18:51:12.714] [WARN] Asset index not found for version '1.21.1' in /storage/emulated/0/FCL/.minecraft/assets/indexes/1.21.1.json
[2026-08-06 18:51:12.715] [WARN] Asset index not found for version '1.21.1' in /storage/emulated/0/FCL/.minecraft/assets/indexes/1.21.1.json
[2026-08-06 18:51:12.717] [DEBUG] Texture resolved from version jar: minecraft:block/cherry_trapdoor
[2026-08-06 18:51:12.718] [DEBUG] Texture resolved from version jar: minecraft:block/glass
[2026-08-06 18:51:12.718] [DEBUG] Texture resolved from version jar: minecraft:block/stripped_cherry_log
[2026-08-06 18:51:12.701] [WARN] Asset index not found for version '1.21.1' in /storage/emulated/0/FCL/.minecraft/assets/indexes/1.21.1.json
[2026-08-06 18:51:12.719] [DEBUG] Texture resolved from version jar: minecraft:block/peony_bottom
[2026-08-06 18:51:12.720] [DEBUG] Texture resolved from version jar: minecraft:block/peony_top
[2026-08-06 18:51:12.722] [DEBUG] Texture resolved from version jar: minecraft:block/stripped_cherry_log_top
[2026-08-06 18:51:12.724] [DEBUG] Texture resolved from version jar: minecraft:block/glass_pane_top
[2026-08-06 18:51:12.724] [DEBUG] Texture resolved from version jar: minecraft:block/cherry_leaves
[2026-08-06 18:51:12.735] [WARN] Asset index not found for version '1.21.1' in /storage/emulated/0/FCL/.minecraft/assets/indexes/1.21.1.json
[2026-08-06 18:51:12.736] [WARN] All texture sources failed for: minecraft:block/cherry_wall_sign
[2026-08-06 18:51:13.105] [WARN] Asset index not found for version '1.21.1' in /storage/emulated/0/FCL/.minecraft/assets/indexes/1.21.1.json
[2026-08-06 18:51:13.105] [WARN] Asset index not found for version '1.21.1' in /storage/emulated/0/FCL/.minecraft/assets/indexes/1.21.1.json
[2026-08-06 18:51:13.106] [WARN] Asset index not found for version '1.21.1' in /storage/emulated/0/FCL/.minecraft/assets/indexes/1.21.1.json
[2026-08-06 18:51:13.108] [WARN] Asset index not found for version '1.21.1' in /storage/emulated/0/FCL/.minecraft/assets/indexes/1.21.1.json
[2026-08-06 18:51:13.109] [WARN] Asset index not found for version '1.21.1' in /storage/emulated/0/FCL/.minecraft/assets/indexes/1.21.1.json
[2026-08-06 18:51:13.108] [DEBUG] Texture resolved from version jar: minecraft:block/chiseled_stone_bricks
[2026-08-06 18:51:13.110] [WARN] Asset index not found for version '1.21.1' in /storage/emulated/0/FCL/.minecraft/assets/indexes/1.21.1.json
[2026-08-06 18:51:13.111] [WARN] Asset index not found for version '1.21.1' in /storage/emulated/0/FCL/.minecraft/assets/indexes/1.21.1.json
[2026-08-06 18:51:13.117] [WARN] Asset index not found for version '1.21.1' in /storage/emulated/0/FCL/.minecraft/assets/indexes/1.21.1.json
[2026-08-06 18:51:13.120] [WARN] Asset index not found for version '1.21.1' in /storage/emulated/0/FCL/.minecraft/assets/indexes/1.21.1.json
[2026-08-06 18:51:13.122] [WARN] Asset index not found for version '1.21.1' in /storage/emulated/0/FCL/.minecraft/assets/indexes/1.21.1.json
[2026-08-06 18:51:13.121] [DEBUG] Texture resolved from version jar: minecraft:block/cherry_trapdoor
[2026-08-06 18:51:13.125] [WARN] Asset index not found for version '1.21.1' in /storage/emulated/0/FCL/.minecraft/assets/indexes/1.21.1.json
[2026-08-06 18:51:13.125] [DEBUG] Texture resolved from version jar: minecraft:block/cherry_leaves
[2026-08-06 18:51:13.126] [DEBUG] Texture resolved from version jar: minecraft:block/glass_pane_top
[2026-08-06 18:51:13.127] [DEBUG] Texture resolved from version jar: minecraft:block/stripped_cherry_log
[2026-08-06 18:51:13.127] [DEBUG] Texture resolved from version jar: minecraft:block/peony_bottom
[2026-08-06 18:51:13.128] [WARN] Asset index not found for version '1.21.1' in /storage/emulated/0/FCL/.minecraft/assets/indexes/1.21.1.json
[2026-08-06 18:51:13.128] [WARN] Asset index not found for version '1.21.1' in /storage/emulated/0/FCL/.minecraft/assets/indexes/1.21.1.json
[2026-08-06 18:51:13.129] [WARN] Asset index not found for version '1.21.1' in /storage/emulated/0/FCL/.minecraft/assets/indexes/1.21.1.json
[2026-08-06 18:51:13.131] [WARN] Asset index not found for version '1.21.1' in /storage/emulated/0/FCL/.minecraft/assets/indexes/1.21.1.json
[2026-08-06 18:51:13.133] [WARN] Asset index not found for version '1.21.1' in /storage/emulated/0/FCL/.minecraft/assets/indexes/1.21.1.json
[2026-08-06 18:51:13.133] [WARN] Asset index not found for version '1.21.1' in /storage/emulated/0/FCL/.minecraft/assets/indexes/1.21.1.json
[2026-08-06 18:51:13.135] [WARN] Asset index not found for version '1.21.1' in /storage/emulated/0/FCL/.minecraft/assets/indexes/1.21.1.json
[2026-08-06 18:51:13.135] [WARN] Asset index not found for version '1.21.1' in /storage/emulated/0/FCL/.minecraft/assets/indexes/1.21.1.json
[2026-08-06 18:51:13.136] [WARN] Asset index not found for version '1.21.1' in /storage/emulated/0/FCL/.minecraft/assets/indexes/1.21.1.json
[2026-08-06 18:51:13.136] [WARN] Asset index not found for version '1.21.1' in /storage/emulated/0/FCL/.minecraft/assets/indexes/1.21.1.json
[2026-08-06 18:51:13.136] [WARN] Asset index not found for version '1.21.1' in /storage/emulated/0/FCL/.minecraft/assets/indexes/1.21.1.json
[2026-08-06 18:51:13.137] [WARN] Asset index not found for version '1.21.1' in /storage/emulated/0/FCL/.minecraft/assets/indexes/1.21.1.json
[2026-08-06 18:51:13.137] [WARN] Asset index not found for version '1.21.1' in /storage/emulated/0/FCL/.minecraft/assets/indexes/1.21.1.json
[2026-08-06 18:51:13.138] [WARN] Asset index not found for version '1.21.1' in /storage/emulated/0/FCL/.minecraft/assets/indexes/1.21.1.json
[2026-08-06 18:51:13.138] [WARN] Asset index not found for version '1.21.1' in /storage/emulated/0/FCL/.minecraft/assets/indexes/1.21.1.json
[2026-08-06 18:51:13.139] [WARN] Asset index not found for version '1.21.1' in /storage/emulated/0/FCL/.minecraft/assets/indexes/1.21.1.json
[2026-08-06 18:51:13.139] [WARN] Asset index not found for version '1.21.1' in /storage/emulated/0/FCL/.minecraft/assets/indexes/1.21.1.json
[2026-08-06 18:51:13.139] [WARN] Asset index not found for version '1.21.1' in /storage/emulated/0/FCL/.minecraft/assets/indexes/1.21.1.json
[2026-08-06 18:51:13.140] [WARN] Asset index not found for version '1.21.1' in /storage/emulated/0/FCL/.minecraft/assets/indexes/1.21.1.json
[2026-08-06 18:51:13.141] [WARN] Asset index not found for version '1.21.1' in /storage/emulated/0/FCL/.minecraft/assets/indexes/1.21.1.json
[2026-08-06 18:51:13.141] [WARN] Asset index not found for version '1.21.1' in /storage/emulated/0/FCL/.minecraft/assets/indexes/1.21.1.json
[2026-08-06 18:51:13.141] [WARN] Asset index not found for version '1.21.1' in /storage/emulated/0/FCL/.minecraft/assets/indexes/1.21.1.json
[2026-08-06 18:51:13.142] [WARN] Asset index not found for version '1.21.1' in /storage/emulated/0/FCL/.minecraft/assets/indexes/1.21.1.json
[2026-08-06 18:51:13.142] [WARN] Asset index not found for version '1.21.1' in /storage/emulated/0/FCL/.minecraft/assets/indexes/1.21.1.json
[2026-08-06 18:51:13.143] [WARN] Asset index not found for version '1.21.1' in /storage/emulated/0/FCL/.minecraft/assets/indexes/1.21.1.json
[2026-08-06 18:51:13.144] [WARN] Asset index not found for version '1.21.1' in /storage/emulated/0/FCL/.minecraft/assets/indexes/1.21.1.json
[2026-08-06 18:51:13.144] [WARN] Asset index not found for version '1.21.1' in /storage/emulated/0/FCL/.minecraft/assets/indexes/1.21.1.json
[2026-08-06 18:51:13.145] [WARN] Asset index not found for version '1.21.1' in /storage/emulated/0/FCL/.minecraft/assets/indexes/1.21.1.json
[2026-08-06 18:51:13.145] [WARN] Asset index not found for version '1.21.1' in /storage/emulated/0/FCL/.minecraft/assets/indexes/1.21.1.json
[2026-08-06 18:51:13.146] [DEBUG] Texture resolved from version jar: minecraft:block/cherry_planks
[2026-08-06 18:51:13.146] [WARN] Asset index not found for version '1.21.1' in /storage/emulated/0/FCL/.minecraft/assets/indexes/1.21.1.json
[2026-08-06 18:51:13.147] [WARN] Asset index not found for version '1.21.1' in /storage/emulated/0/FCL/.minecraft/assets/indexes/1.21.1.json
[2026-08-06 18:51:13.147] [WARN] Asset index not found for version '1.21.1' in /storage/emulated/0/FCL/.minecraft/assets/indexes/1.21.1.json
[2026-08-06 18:51:13.148] [WARN] Asset index not found for version '1.21.1' in /storage/emulated/0/FCL/.minecraft/assets/indexes/1.21.1.json
[2026-08-06 18:51:13.148] [WARN] Asset index not found for version '1.21.1' in /storage/emulated/0/FCL/.minecraft/assets/indexes/1.21.1.json
[2026-08-06 18:51:13.149] [DEBUG] Texture resolved from version jar: minecraft:block/glass
[2026-08-06 18:51:13.149] [WARN] Asset index not found for version '1.21.1' in /storage/emulated/0/FCL/.minecraft/assets/indexes/1.21.1.json
[2026-08-06 18:51:13.151] [DEBUG] Texture resolved from version jar: minecraft:block/stripped_cherry_log_top
[2026-08-06 18:51:13.152] [DEBUG] Texture resolved from version jar: minecraft:block/red_wool
[2026-08-06 18:51:13.152] [DEBUG] Texture resolved from version jar: minecraft:block/peony_top
[2026-08-06 18:51:13.155] [DEBUG] Texture resolved from version jar: minecraft:block/smoker_bottom
[2026-08-06 18:51:13.156] [DEBUG] Texture resolved from version jar: minecraft:block/bookshelf
[2026-08-06 18:51:13.157] [DEBUG] Texture resolved from version jar: minecraft:block/furnace_top
[2026-08-06 18:51:13.157] [DEBUG] Texture resolved from version jar: minecraft:block/enchanting_table_side
[2026-08-06 18:51:13.158] [DEBUG] Texture resolved from version jar: minecraft:block/furnace_front
[2026-08-06 18:51:13.154] [DEBUG] Texture resolved from version jar: minecraft:block/anvil
[2026-08-06 18:51:13.158] [DEBUG] Texture resolved from version jar: minecraft:block/anvil_top
[2026-08-06 18:51:13.159] [DEBUG] Texture resolved from version jar: minecraft:block/enchanting_table_top
[2026-08-06 18:51:13.161] [DEBUG] Texture resolved from version jar: minecraft:block/loom_bottom
[2026-08-06 18:51:13.159] [DEBUG] Texture resolved from version jar: minecraft:block/loom_top
[2026-08-06 18:51:13.159] [DEBUG] Texture resolved from version jar: minecraft:block/furnace_side
[2026-08-06 18:51:13.162] [DEBUG] Texture resolved from version jar: minecraft:block/enchanting_table_bottom
[2026-08-06 18:51:13.161] [DEBUG] Texture resolved from version jar: minecraft:block/barrel_top
[2026-08-06 18:51:13.162] [DEBUG] Texture resolved from version jar: minecraft:block/brewing_stand_base
[2026-08-06 18:51:13.163] [DEBUG] Texture resolved from version jar: minecraft:block/blast_furnace_top
[2026-08-06 18:51:13.164] [DEBUG] Texture resolved from version jar: minecraft:block/barrel_bottom
[2026-08-06 18:51:13.164] [DEBUG] Texture resolved from version jar: minecraft:block/cherry_door_top
[2026-08-06 18:51:13.165] [DEBUG] Texture resolved from version jar: minecraft:block/brewing_stand
[2026-08-06 18:51:13.165] [DEBUG] Texture resolved from version jar: minecraft:block/barrel_side
[2026-08-06 18:51:13.166] [DEBUG] Texture resolved from version jar: minecraft:block/cartography_table_side3
[2026-08-06 18:51:13.166] [DEBUG] Texture resolved from version jar: minecraft:block/cherry_door_bottom
[2026-08-06 18:51:13.167] [DEBUG] Texture resolved from version jar: minecraft:block/cartography_table_side2
[2026-08-06 18:51:13.163] [DEBUG] Texture resolved from version jar: minecraft:block/smoker_side
[2026-08-06 18:51:13.165] [DEBUG] Texture resolved from version jar: minecraft:block/crafting_table_side
[2026-08-06 18:51:13.168] [DEBUG] Texture resolved from version jar: minecraft:block/jukebox_top
[2026-08-06 18:51:13.168] [DEBUG] Texture resolved from version jar: minecraft:block/cartography_table_side1
[2026-08-06 18:51:13.168] [DEBUG] Texture resolved from version jar: minecraft:block/dark_oak_planks
[2026-08-06 18:51:13.172] [DEBUG] Texture resolved from version jar: minecraft:block/scaffolding_top
[2026-08-06 18:51:13.172] [DEBUG] Texture resolved from version jar: minecraft:block/oxeye_daisy
[2026-08-06 18:51:13.171] [DEBUG] Texture resolved from version jar: minecraft:block/flower_pot
[2026-08-06 18:51:13.174] [DEBUG] Texture resolved from version jar: minecraft:block/scaffolding_bottom
[2026-08-06 18:51:13.171] [DEBUG] Texture resolved from version jar: minecraft:block/jukebox_side
[2026-08-06 18:51:13.176] [DEBUG] Texture resolved from version jar: minecraft:block/scaffolding_side
[2026-08-06 18:51:13.183] [WARN] Asset index not found for version '1.21.1' in /storage/emulated/0/FCL/.minecraft/assets/indexes/1.21.1.json
[2026-08-06 18:51:13.185] [WARN] All texture sources failed for: minecraft:block/maid_bed
[2026-08-06 18:51:13.190] [WARN] Asset index not found for version '1.21.1' in /storage/emulated/0/FCL/.minecraft/assets/indexes/1.21.1.json
[2026-08-06 18:51:13.191] [WARN] All texture sources failed for: minecraft:block/cherry_wall_sign
[2026-08-06 18:51:13.347] [WARN] Asset index not found for version '1.21.1' in /storage/emulated/0/FCL/.minecraft/assets/indexes/1.21.1.json
[2026-08-06 18:51:13.348] [WARN] Asset index not found for version '1.21.1' in /storage/emulated/0/FCL/.minecraft/assets/indexes/1.21.1.json
[2026-08-06 18:51:13.348] [WARN] Asset index not found for version '1.21.1' in /storage/emulated/0/FCL/.minecraft/assets/indexes/1.21.1.json
[2026-08-06 18:51:13.350] [ERROR] Texture unavailable for 'minecraft:block/cherry_wall_sign' — local assets, mods and network all failed
[2026-08-06 18:51:13.351] [DEBUG] Texture resolved from version jar: minecraft:block/cherry_trapdoor
[2026-08-06 18:51:13.361] [WARN] Asset index not found for version '1.21.1' in /storage/emulated/0/FCL/.minecraft/assets/indexes/1.21.1.json
[2026-08-06 18:51:13.363] [WARN] Asset index not found for version '1.21.1' in /storage/emulated/0/FCL/.minecraft/assets/indexes/1.21.1.json
[2026-08-06 18:51:13.362] [WARN] All texture sources failed for: minecraft:block/altar
[2026-08-06 18:51:13.365] [WARN] All texture sources failed for: minecraft:block/cherry_wall_sign
[2026-08-06 18:51:13.656] [ERROR] Texture unavailable for 'minecraft:block/cherry_wall_sign' — local assets, mods and network all failed
[2026-08-06 18:51:13.662] [ERROR] Texture unavailable for 'minecraft:block/maid_bed' — local assets, mods and network all failed
[2026-08-06 18:51:14.504] [ERROR] Texture unavailable for 'minecraft:block/cherry_wall_sign' — local assets, mods and network all failed
[2026-08-06 18:51:14.505] [ERROR] Texture unavailable for 'minecraft:block/altar' — local assets, mods and network all failed
[2026-08-06 18:51:14.924] [WARN] Asset index not found for version '1.21.1' in /storage/emulated/0/FCL/.minecraft/assets/indexes/1.21.1.json
[2026-08-06 18:51:14.924] [WARN] Asset index not found for version '1.21.1' in /storage/emulated/0/FCL/.minecraft/assets/indexes/1.21.1.json
[2026-08-06 18:51:14.926] [DEBUG] Texture resolved from version jar: minecraft:block/rose_bush_bottom
[2026-08-06 18:51:14.926] [DEBUG] Texture resolved from version jar: minecraft:block/rose_bush_top
[2026-08-06 18:51:15.148] [WARN] Asset index not found for version '1.21.1' in /storage/emulated/0/FCL/.minecraft/assets/indexes/1.21.1.json
[2026-08-06 18:51:15.148] [WARN] Asset index not found for version '1.21.1' in /storage/emulated/0/FCL/.minecraft/assets/indexes/1.21.1.json
[2026-08-06 18:51:15.150] [DEBUG] Texture resolved from version jar: minecraft:block/tall_grass_top
[2026-08-06 18:51:15.151] [DEBUG] Texture resolved from version jar: minecraft:block/tall_grass_bottom
[2026-08-06 18:51:15.499] [WARN] Asset index not found for version '1.21.1' in /storage/emulated/0/FCL/.minecraft/assets/indexes/1.21.1.json
[2026-08-06 18:51:15.499] [WARN] Asset index not found for version '1.21.1' in /storage/emulated/0/FCL/.minecraft/assets/indexes/1.21.1.json
[2026-08-06 18:51:15.500] [WARN] Asset index not found for version '1.21.1' in /storage/emulated/0/FCL/.minecraft/assets/indexes/1.21.1.json
[2026-08-06 18:51:15.501] [DEBUG] Texture resolved from version jar: minecraft:block/campfire_log
[2026-08-06 18:51:15.507] [WARN] Asset index not found for version '1.21.1' in /storage/emulated/0/FCL/.minecraft/assets/indexes/1.21.1.json
[2026-08-06 18:51:15.507] [WARN] Asset index not found for version '1.21.1' in /storage/emulated/0/FCL/.minecraft/assets/indexes/1.21.1.json
[2026-08-06 18:51:15.508] [WARN] All texture sources failed for: minecraft:block/cherry_wall_sign
[2026-08-06 18:51:15.508] [WARN] All texture sources failed for: minecraft:block/waystone
[2026-08-06 18:51:15.974] [ERROR] Texture unavailable for 'minecraft:block/cherry_wall_sign' — local assets, mods and network all failed
[2026-08-06 18:51:15.975] [ERROR] Texture unavailable for 'minecraft:block/waystone' — local assets, mods and network all failed
[2026-08-06 18:51:17.903] [WARN] Asset index not found for version '1.21.1' in /storage/emulated/0/FCL/.minecraft/assets/indexes/1.21.1.json
[2026-08-06 18:51:17.906] [DEBUG] Texture resolved from version jar: minecraft:block/white_wool
[2026-08-06 18:51:17.991] [WARN] Asset index not found for version '1.21.1' in /storage/emulated/0/FCL/.minecraft/assets/indexes/1.21.1.json
[2026-08-06 18:51:17.993] [DEBUG] Texture resolved from version jar: minecraft:block/fern
[2026-08-06 18:51:18.107] [WARN] Asset index not found for version '1.21.1' in /storage/emulated/0/FCL/.minecraft/assets/indexes/1.21.1.json
[2026-08-06 18:51:18.107] [WARN] Asset index not found for version '1.21.1' in /storage/emulated/0/FCL/.minecraft/assets/indexes/1.21.1.json
[2026-08-06 18:51:18.109] [WARN] Asset index not found for version '1.21.1' in /storage/emulated/0/FCL/.minecraft/assets/indexes/1.21.1.json
[2026-08-06 18:51:18.109] [WARN] Asset index not found for version '1.21.1' in /storage/emulated/0/FCL/.minecraft/assets/indexes/1.21.1.json
[2026-08-06 18:51:18.111] [DEBUG] Texture resolved from version jar: minecraft:block/jungle_leaves
[2026-08-06 18:51:18.112] [DEBUG] Texture resolved from version jar: minecraft:block/jungle_log
[2026-08-06 18:51:18.113] [DEBUG] Texture resolved from version jar: minecraft:block/fern
[2026-08-06 18:51:18.113] [DEBUG] Texture resolved from version jar: minecraft:block/jungle_log_top
[2026-08-06 18:51:19.197] [WARN] Asset index not found for version '1.21.1' in /storage/emulated/0/FCL/.minecraft/assets/indexes/1.21.1.json
[2026-08-06 18:51:19.199] [DEBUG] Texture resolved from version jar: minecraft:block/cornflower
[2026-08-06 18:51:19.751] [WARN] Asset index not found for version '1.21.1' in /storage/emulated/0/FCL/.minecraft/assets/indexes/1.21.1.json
[2026-08-06 18:51:19.755] [DEBUG] Texture resolved from version jar: minecraft:block/sugar_cane
[2026-08-06 18:51:21.633] [WARN] Asset index not found for version '1.21.1' in /storage/emulated/0/FCL/.minecraft/assets/indexes/1.21.1.json
[2026-08-06 18:51:21.635] [DEBUG] Texture resolved from version jar: minecraft:block/bamboo_mosaic
[2026-08-06 18:51:22.729] [WARN] Asset index not found for version '1.21.1' in /storage/emulated/0/FCL/.minecraft/assets/indexes/1.21.1.json
[2026-08-06 18:51:22.732] [DEBUG] Texture resolved from version jar: minecraft:block/dirt_path_top
[2026-08-06 18:51:22.735] [WARN] Asset index not found for version '1.21.1' in /storage/emulated/0/FCL/.minecraft/assets/indexes/1.21.1.json
[2026-08-06 18:51:22.738] [DEBUG] Texture resolved from version jar: minecraft:block/dirt_path_side
[2026-08-06 18:51:22.974] [WARN] Asset index not found for version '1.21.1' in /storage/emulated/0/FCL/.minecraft/assets/indexes/1.21.1.json
[2026-08-06 18:51:22.976] [WARN] Asset index not found for version '1.21.1' in /storage/emulated/0/FCL/.minecraft/assets/indexes/1.21.1.json
[2026-08-06 18:51:22.980] [DEBUG] Texture resolved from version jar: minecraft:block/dirt_path_side
[2026-08-06 18:51:22.980] [DEBUG] Texture resolved from version jar: minecraft:block/dirt_path_top
[2026-08-06 18:51:29.553] [DEBUG] ensureChunksAround: dropping 13 chunks (cx=10,cz=-14, cam=160.08365,-213.46606)
[2026-08-06 18:51:29.775] [WARN] Asset index not found for version '1.21.1' in /storage/emulated/0/FCL/.minecraft/assets/indexes/1.21.1.json
[2026-08-06 18:51:29.777] [DEBUG] Texture resolved from version jar: minecraft:block/glow_lichen
[2026-08-06 18:51:31.283] [WARN] Asset index not found for version '1.21.1' in /storage/emulated/0/FCL/.minecraft/assets/indexes/1.21.1.json
[2026-08-06 18:51:31.285] [DEBUG] Texture resolved from version jar: minecraft:block/cocoa_stage2
[2026-08-06 18:51:31.378] [DEBUG] ensureChunksAround: dropping 9 chunks (cx=9,cz=-14, cam=159.89626,-209.64297)
[2026-08-06 18:51:31.531] [DEBUG] ensureChunksAround: dropping 1 chunks (cx=9,cz=-14, cam=157.53574,-209.21887)
[2026-08-06 18:51:31.675] [DEBUG] ensureChunksAround: dropping 1 chunks (cx=9,cz=-14, cam=154.84843,-208.95808)
[2026-08-06 18:51:32.024] [DEBUG] ensureChunksAround: dropping 1 chunks (cx=9,cz=-14, cam=149.17331,-208.42725)
[2026-08-06 18:51:32.269] [DEBUG] ensureChunksAround: dropping 1 chunks (cx=9,cz=-14, cam=147.38358,-208.23604)
[2026-08-06 18:51:32.587] [DEBUG] ensureChunksAround: dropping 9 chunks (cx=9,cz=-13, cam=147.14369,-207.96184)
[2026-08-06 18:51:32.689] [DEBUG] ensureChunksAround: dropping 1 chunks (cx=9,cz=-13, cam=146.15767,-206.4589)
[2026-08-06 18:51:32.871] [DEBUG] ensureChunksAround: dropping 1 chunks (cx=9,cz=-13, cam=144.82184,-203.44363)
[2026-08-06 18:51:33.012] [DEBUG] ensureChunksAround: dropping 9 chunks (cx=8,cz=-13, cam=143.98811,-201.19313)
[2026-08-06 18:51:33.949] [DEBUG] ensureChunksAround: dropping 1 chunks (cx=9,cz=-13, cam=144.20657,-196.67166)
[2026-08-06 18:51:34.131] [DEBUG] ensureChunksAround: dropping 1 chunks (cx=9,cz=-13, cam=146.94106,-198.5186)
[2026-08-06 18:51:34.329] [DEBUG] ensureChunksAround: dropping 1 chunks (cx=9,cz=-13, cam=149.94673,-200.49971)
[2026-08-06 18:51:34.430] [DEBUG] ensureChunksAround: dropping 1 chunks (cx=9,cz=-13, cam=151.4847,-201.43477)
[2026-08-06 18:51:34.542] [DEBUG] ensureChunksAround: dropping 1 chunks (cx=9,cz=-13, cam=153.04805,-202.32684)
[2026-08-06 18:51:34.659] [DEBUG] ensureChunksAround: dropping 1 chunks (cx=9,cz=-13, cam=154.62665,-203.19162)
[2026-08-06 18:51:34.839] [DEBUG] ensureChunksAround: dropping 1 chunks (cx=9,cz=-13, cam=157.27414,-204.6027)
[2026-08-06 18:51:34.996] [DEBUG] ensureChunksAround: dropping 1 chunks (cx=9,cz=-13, cam=158.86171,-205.45108)
[2026-08-06 18:51:35.086] [DEBUG] ensureChunksAround: dropping 10 chunks (cx=10,cz=-13, cam=160.183,-206.16118)
[2026-08-06 18:51:35.322] [DEBUG] ensureChunksAround: dropping 2 chunks (cx=10,cz=-14, cam=163.61746,-208.00902)
[2026-08-06 18:51:35.482] [DEBUG] ensureChunksAround: dropping 1 chunks (cx=10,cz=-14, cam=165.99438,-209.28967)
[2026-08-06 18:51:35.631] [DEBUG] ensureChunksAround: dropping 1 chunks (cx=10,cz=-14, cam=168.37045,-210.57191)
[2026-08-06 18:51:35.747] [DEBUG] ensureChunksAround: dropping 1 chunks (cx=10,cz=-14, cam=168.63446,-210.71439)
[2026-08-06 18:51:35.893] [DEBUG] ensureChunksAround: dropping 1 chunks (cx=10,cz=-14, cam=168.63446,-210.71439)
[2026-08-06 18:51:36.059] [DEBUG] ensureChunksAround: dropping 1 chunks (cx=10,cz=-14, cam=168.63446,-210.71439)
[2026-08-06 18:51:36.190] [DEBUG] ensureChunksAround: dropping 1 chunks (cx=10,cz=-14, cam=168.63446,-210.71439)
[2026-08-06 18:51:36.339] [DEBUG] ensureChunksAround: dropping 1 chunks (cx=10,cz=-14, cam=168.63446,-210.71439)
[2026-08-06 18:51:41.018] [DEBUG] ensureChunksAround: dropping 12 chunks (cx=10,cz=-15, cam=171.3807,-224.26501)
[2026-08-06 18:51:54.959] [DEBUG] ensureChunksAround: dropping 13 chunks (cx=10,cz=-16, cam=162.0573,-240.03714)
[2026-08-06 18:51:58.712] [DEBUG] ensureChunksAround: dropping 13 chunks (cx=10,cz=-15, cam=162.33945,-239.77469)
[2026-08-06 18:51:58.817] [WARN] Asset index not found for version '1.21.1' in /storage/emulated/0/FCL/.minecraft/assets/indexes/1.21.1.json
[2026-08-06 18:51:58.822] [WARN] Asset index not found for version '1.21.1' in /storage/emulated/0/FCL/.minecraft/assets/indexes/1.21.1.json
[2026-08-06 18:51:58.825] [WARN] All texture sources failed for: minecraft:block/bubble_column
[2026-08-06 18:51:59.913] [ERROR] Texture unavailable for 'minecraft:block/bubble_column' — local assets, mods and network all failed
[2026-08-06 18:52:01.020] [DEBUG] ensureChunksAround: dropping 13 chunks (cx=10,cz=-16, cam=162.06667,-240.09323)
[2026-08-06 18:52:07.462] [DEBUG] ensureChunksAround: dropping 13 chunks (cx=10,cz=-15, cam=161.67062,-239.71452)
[2026-08-06 18:52:07.612] [WARN] Asset index not found for version '1.21.1' in /storage/emulated/0/FCL/.minecraft/assets/indexes/1.21.1.json
[2026-08-06 18:52:07.622] [WARN] Asset index not found for version '1.21.1' in /storage/emulated/0/FCL/.minecraft/assets/indexes/1.21.1.json
[2026-08-06 18:52:07.628] [WARN] All texture sources failed for: minecraft:block/bubble_column
[2026-08-06 18:52:08.755] [ERROR] Texture unavailable for 'minecraft:block/bubble_column' — local assets, mods and network all failed
[2026-08-06 18:52:09.519] [DEBUG] ensureChunksAround: dropping 11 chunks (cx=10,cz=-16, cam=161.6096,-240.15932)
[2026-08-06 18:52:09.584] [DEBUG] ensureChunksAround: dropping 1 chunks (cx=10,cz=-16, cam=161.61446,-241.05928)
[2026-08-06 18:52:09.849] [DEBUG] ensureChunksAround: dropping 1 chunks (cx=10,cz=-16, cam=161.58855,-241.95885)
[2026-08-06 18:52:10.193] [DEBUG] ensureChunksAround: dropping 1 chunks (cx=10,cz=-15, cam=161.90361,-239.97505)
[2026-08-06 18:52:10.295] [DEBUG] ensureChunksAround: dropping 1 chunks (cx=10,cz=-15, cam=161.96706,-238.17636)
[2026-08-06 18:52:10.525] [DEBUG] ensureChunksAround: dropping 1 chunks (cx=10,cz=-15, cam=162.04962,-234.27725)
[2026-08-06 18:52:10.772] [DEBUG] ensureChunksAround: dropping 1 chunks (cx=10,cz=-15, cam=162.06793,-233.67752)
[2026-08-06 18:52:10.938] [DEBUG] ensureChunksAround: dropping 1 chunks (cx=10,cz=-15, cam=162.06793,-233.67752)
[2026-08-06 18:52:11.164] [DEBUG] ensureChunksAround: dropping 1 chunks (cx=10,cz=-15, cam=162.06793,-233.67752)
[2026-08-06 18:52:11.366] [DEBUG] ensureChunksAround: dropping 1 chunks (cx=10,cz=-15, cam=162.34184,-234.02505)
[2026-08-06 18:52:11.527] [DEBUG] ensureChunksAround: dropping 1 chunks (cx=10,cz=-15, cam=163.40941,-235.43639)
[2026-08-06 18:52:11.677] [DEBUG] ensureChunksAround: dropping 1 chunks (cx=10,cz=-15, cam=163.40941,-235.43639)
[2026-08-06 18:52:12.386] [WARN] Asset index not found for version '1.21.1' in /storage/emulated/0/FCL/.minecraft/assets/indexes/1.21.1.json
[2026-08-06 18:52:12.391] [WARN] Asset index not found for version '1.21.1' in /storage/emulated/0/FCL/.minecraft/assets/indexes/1.21.1.json
[2026-08-06 18:52:12.392] [WARN] All texture sources failed for: minecraft:block/bubble_column
[2026-08-06 18:52:12.693] [ERROR] Texture unavailable for 'minecraft:block/bubble_column' — local assets, mods and network all failed
[2026-08-06 18:52:36.126] [DEBUG] ensureChunksAround: dropping 13 chunks (cx=10,cz=-16, cam=165.88045,-240.0019)
[2026-08-06 18:52:37.873] [DEBUG] ensureChunksAround: dropping 9 chunks (cx=10,cz=-15, cam=166.41505,-239.94986)
[2026-08-06 18:52:38.067] [DEBUG] ensureChunksAround: dropping 1 chunks (cx=10,cz=-15, cam=166.09657,-238.81581)
[2026-08-06 18:52:38.216] [DEBUG] ensureChunksAround: dropping 1 chunks (cx=10,cz=-15, cam=166.09657,-238.81581)
[2026-08-06 18:52:38.348] [DEBUG] ensureChunksAround: dropping 1 chunks (cx=10,cz=-15, cam=166.09657,-238.81581)
[2026-08-06 18:52:38.548] [DEBUG] ensureChunksAround: dropping 1 chunks (cx=10,cz=-15, cam=166.09657,-238.81581)
[2026-08-06 18:52:38.692] [WARN] Asset index not found for version '1.21.1' in /storage/emulated/0/FCL/.minecraft/assets/indexes/1.21.1.json
[2026-08-06 18:52:38.697] [WARN] Asset index not found for version '1.21.1' in /storage/emulated/0/FCL/.minecraft/assets/indexes/1.21.1.json
[2026-08-06 18:52:38.698] [WARN] All texture sources failed for: minecraft:block/bubble_column
[2026-08-06 18:52:39.573] [ERROR] Texture unavailable for 'minecraft:block/bubble_column' — local assets, mods and network all failed
[2026-08-06 18:53:02.153] [DEBUG] ensureChunksAround: dropping 13 chunks (cx=11,cz=-15, cam=176.15941,-237.38359)
[2026-08-06 18:53:04.096] [WARN] Asset index not found for version '1.21.1' in /storage/emulated/0/FCL/.minecraft/assets/indexes/1.21.1.json
[2026-08-06 18:53:04.096] [WARN] Asset index not found for version '1.21.1' in /storage/emulated/0/FCL/.minecraft/assets/indexes/1.21.1.json
[2026-08-06 18:53:04.098] [DEBUG] Texture resolved from version jar: minecraft:block/melon_top
[2026-08-06 18:53:04.099] [DEBUG] Texture resolved from version jar: minecraft:block/melon_side
[2026-08-06 18:53:05.084] [DEBUG] ensureChunksAround: dropping 13 chunks (cx=11,cz=-16, cam=184.07014,-240.23169)
[2026-08-06 18:53:19.846] [DEBUG] ensureChunksAround: dropping 13 chunks (cx=12,cz=-16, cam=192.11789,-247.28307)
[2026-08-06 18:53:32.640] [DEBUG] ensureChunksAround: dropping 13 chunks (cx=13,cz=-16, cam=208.01738,-249.97978)
[2026-08-06 18:53:35.070] [WARN] Asset index not found for version '1.21.1' in /storage/emulated/0/FCL/.minecraft/assets/indexes/1.21.1.json
[2026-08-06 18:53:35.074] [DEBUG] Texture resolved from version jar: minecraft:block/brown_mushroom
[2026-08-06 18:53:42.117] [DEBUG] ensureChunksAround: dropping 13 chunks (cx=14,cz=-16, cam=224.54056,-247.79938)
[2026-08-06 18:53:43.872] [DEBUG] ensureChunksAround: dropping 13 chunks (cx=15,cz=-16, cam=240.2471,-247.94421)
[2026-08-06 18:54:06.082] [DEBUG] ensureChunksAround: dropping 13 chunks (cx=16,cz=-16, cam=256.1103,-249.26462)
[2026-08-06 18:54:19.104] [DEBUG] ensureChunksAround: dropping 13 chunks (cx=15,cz=-16, cam=255.18147,-240.28438)
[2026-08-06 18:54:19.176] [DEBUG] ensureChunksAround: dropping 9 chunks (cx=15,cz=-15, cam=254.32866,-239.99681)
[2026-08-06 18:54:19.443] [DEBUG] ensureChunksAround: dropping 1 chunks (cx=15,cz=-15, cam=251.15138,-239.10818)
[2026-08-06 18:54:20.338] [DEBUG] ensureChunksAround: dropping 9 chunks (cx=14,cz=-15, cam=239.59552,-235.88866)
[2026-08-06 18:54:24.730] [DEBUG] ensureChunksAround: dropping 1 chunks (cx=14,cz=-15, cam=235.09244,-236.74312)
[2026-08-06 18:54:38.740] [DEBUG] PlayerMode onDispose: tearing down GL view
[2026-08-06 18:54:38.743] [DEBUG] PlayerMode onDispose: done
[2026-08-06 18:56:25.186] [INFO] ZaralynChiselApp.onCreate — v0.6.0-alpha, logDir=/data/user/0/com.zaralynchisel.debug/files/logs
[2026-08-06 18:56:28.305] [INFO] Validating world at: /storage/emulated/0/FCL/.minecraft/versions/1.21.1-NeoForge/saves/OTFiles (1)
[2026-08-06 18:56:28.308] [INFO] World validated successfully: /storage/emulated/0/FCL/.minecraft/versions/1.21.1-NeoForge/saves/OTFiles (1)
[2026-08-06 18:56:29.491] [INFO] Reading level.dat from /storage/emulated/0/FCL/.minecraft/versions/1.21.1-NeoForge/saves/OTFiles (1)
[2026-08-06 18:56:29.493] [DEBUG] Direct file access: /storage/emulated/0/FCL/.minecraft/versions/1.21.1-NeoForge/saves/OTFiles (1)/level.dat
[2026-08-06 18:56:29.573] [WARN] Cannot open pfd: region/r.-1.-1.mca
[2026-08-06 18:56:29.587] [DEBUG] Opened region: r.-1.-1.mca
[2026-08-06 18:56:29.591] [WARN] Cannot open pfd: region/r.-1.0.mca
[2026-08-06 18:56:29.595] [DEBUG] Opened region: r.-1.0.mca
[2026-08-06 18:56:29.692] [INFO] Player last position: (156.6317779966412, -224.16276358322781)
[2026-08-06 18:56:29.694] [INFO] World loaded: OTFiles的世界 (v1.21.1, dataVer=3955, seed=4071481248245368930)
[2026-08-06 18:56:29.696] [INFO] ChunkSurface: rootTag= dim=OVERWORLD
[2026-08-06 18:56:29.698] [INFO] ChunkSurface: usingRoot=false hmKeys=[WORLD_SURFACE,OCEAN_FLOOR,MOTION_BLOCKING,MOTION_BLOCKING_NO_LEAVES] mbLongArray=true
[2026-08-06 18:56:29.698] [INFO] Player spawn: player pos (156.63177, -224.16277) y=140.7465223626278
[2026-08-06 18:56:29.700] [INFO] ChunkSurface: heights decoded, sample[0..4]=72, 70, 70, 71, 72
[2026-08-06 18:56:29.704] [DEBUG] Found .minecraft at: /storage/emulated/0/FCL/.minecraft
[2026-08-06 18:56:29.709] [DEBUG] TextureResolver initialized. MC dir: /storage/emulated/0/FCL/.minecraft, Mods dir: /storage/emulated/0/FCL/.minecraft/mods
[2026-08-06 18:56:29.718] [INFO] ChunkSurface: sections=24 worldMinY=-64 sectionYs=[-4, -3, -2]..[17, 18, 19] status=minecraft:full
[2026-08-06 18:56:29.732] [DEBUG] ModelLoader: opened /storage/emulated/0/FCL/.minecraft/versions/1.21.1-NeoForge/1.21.1-NeoForge.jar
[2026-08-06 18:56:29.789] [INFO] ChunkSurface: sample=[7, 7, 7, 7, 7] nonZeroCells=256/256
[2026-08-06 18:56:30.091] [DEBUG] mesh(-6,-3): surface=256/256 verts=3630 trans=17478 paths=9
[2026-08-06 18:56:30.203] [WARN] Asset index not found for version '1.21.1' in /storage/emulated/0/FCL/.minecraft/assets/indexes/1.21.1.json
[2026-08-06 18:56:30.205] [WARN] Asset index not found for version '1.21.1' in /storage/emulated/0/FCL/.minecraft/assets/indexes/1.21.1.json
[2026-08-06 18:56:30.210] [WARN] Asset index not found for version '1.21.1' in /storage/emulated/0/FCL/.minecraft/assets/indexes/1.21.1.json
[2026-08-06 18:56:30.209] [WARN] Asset index not found for version '1.21.1' in /storage/emulated/0/FCL/.minecraft/assets/indexes/1.21.1.json
[2026-08-06 18:56:30.214] [WARN] Asset index not found for version '1.21.1' in /storage/emulated/0/FCL/.minecraft/assets/indexes/1.21.1.json
[2026-08-06 18:56:30.215] [WARN] Asset index not found for version '1.21.1' in /storage/emulated/0/FCL/.minecraft/assets/indexes/1.21.1.json
[2026-08-06 18:56:30.219] [DEBUG] ensureChunksAround: dropping 1 chunks (cx=9,cz=-14, cam=157.13177,-223.66277)
[2026-08-06 18:56:30.217] [WARN] Asset index not found for version '1.21.1' in /storage/emulated/0/FCL/.minecraft/assets/indexes/1.21.1.json
[2026-08-06 18:56:30.220] [DEBUG] Opened version jar for textures: /storage/emulated/0/FCL/.minecraft/versions/1.21.1-NeoForge/1.21.1-NeoForge.jar
[2026-08-06 18:56:30.223] [WARN] Asset index not found for version '1.21.1' in /storage/emulated/0/FCL/.minecraft/assets/indexes/1.21.1.json
[2026-08-06 18:56:30.225] [DEBUG] Texture resolved from version jar: minecraft:block/dirt
[2026-08-06 18:56:30.226] [WARN] Asset index not found for version '1.21.1' in /storage/emulated/0/FCL/.minecraft/assets/indexes/1.21.1.json
[2026-08-06 18:56:30.226] [DEBUG] Texture resolved from version jar: minecraft:block/oak_log
[2026-08-06 18:56:30.228] [DEBUG] Texture resolved from version jar: minecraft:block/oak_log_top
[2026-08-06 18:56:30.231] [DEBUG] Texture resolved from version jar: minecraft:block/oak_leaves
[2026-08-06 18:56:30.235] [DEBUG] Texture resolved from version jar: minecraft:block/grass_block_top
[2026-08-06 18:56:30.236] [DEBUG] Texture resolved from version jar: minecraft:block/grass_block_side
[2026-08-06 18:56:30.238] [DEBUG] Texture resolved from version jar: minecraft:block/birch_leaves
[2026-08-06 18:56:30.238] [DEBUG] Texture resolved from version jar: minecraft:block/short_grass
[2026-08-06 18:56:30.238] [DEBUG] Texture resolved from version jar: minecraft:block/stone
[2026-08-06 18:56:30.269] [INFO] ChunkSurface: rootTag= dim=OVERWORLD
[2026-08-06 18:56:30.271] [INFO] ChunkSurface: usingRoot=false hmKeys=[WORLD_SURFACE,OCEAN_FLOOR,MOTION_BLOCKING,MOTION_BLOCKING_NO_LEAVES] mbLongArray=true
[2026-08-06 18:56:30.272] [INFO] ChunkSurface: heights decoded, sample[0..4]=65, 65, 65, 64, 64
[2026-08-06 18:56:30.281] [INFO] ChunkSurface: sections=24 worldMinY=-64 sectionYs=[-4, -3, -2]..[17, 18, 19] status=minecraft:full
[2026-08-06 18:56:30.290] [INFO] ChunkSurface: sample=[1, 7, 7, 7, 7] nonZeroCells=256/256
[2026-08-06 18:56:30.350] [DEBUG] mesh(-6,-1): surface=256/256 verts=3006 trans=13842 paths=8
[2026-08-06 18:56:30.372] [WARN] Asset index not found for version '1.21.1' in /storage/emulated/0/FCL/.minecraft/assets/indexes/1.21.1.json
[2026-08-06 18:56:30.376] [WARN] Asset index not found for version '1.21.1' in /storage/emulated/0/FCL/.minecraft/assets/indexes/1.21.1.json
[2026-08-06 18:56:30.375] [WARN] Asset index not found for version '1.21.1' in /storage/emulated/0/FCL/.minecraft/assets/indexes/1.21.1.json
[2026-08-06 18:56:30.378] [WARN] Asset index not found for version '1.21.1' in /storage/emulated/0/FCL/.minecraft/assets/indexes/1.21.1.json
[2026-08-06 18:56:30.382] [DEBUG] ensureChunksAround: dropping 1 chunks (cx=9,cz=-14, cam=157.13177,-223.66277)
[2026-08-06 18:56:30.384] [WARN] Asset index not found for version '1.21.1' in /storage/emulated/0/FCL/.minecraft/assets/indexes/1.21.1.json
[2026-08-06 18:56:30.386] [WARN] Asset index not found for version '1.21.1' in /storage/emulated/0/FCL/.minecraft/assets/indexes/1.21.1.json
[2026-08-06 18:56:30.388] [WARN] Asset index not found for version '1.21.1' in /storage/emulated/0/FCL/.minecraft/assets/indexes/1.21.1.json
[2026-08-06 18:56:30.389] [WARN] Asset index not found for version '1.21.1' in /storage/emulated/0/FCL/.minecraft/assets/indexes/1.21.1.json
[2026-08-06 18:56:30.387] [DEBUG] Texture resolved from version jar: minecraft:block/grass_block_side
[2026-08-06 18:56:30.393] [DEBUG] Texture resolved from version jar: minecraft:block/stone
[2026-08-06 18:56:30.391] [DEBUG] Texture resolved from version jar: minecraft:block/grass_block_top
[2026-08-06 18:56:30.394] [DEBUG] Texture resolved from version jar: minecraft:block/oak_log
[2026-08-06 18:56:30.392] [DEBUG] Texture resolved from version jar: minecraft:block/oak_log_top
[2026-08-06 18:56:30.392] [DEBUG] Texture resolved from version jar: minecraft:block/oak_leaves
[2026-08-06 18:56:30.400] [DEBUG] Texture resolved from version jar: minecraft:block/short_grass
[2026-08-06 18:56:30.400] [DEBUG] Texture resolved from version jar: minecraft:block/dirt
[2026-08-06 18:56:30.409] [INFO] ChunkSurface: rootTag= dim=OVERWORLD
[2026-08-06 18:56:30.410] [INFO] ChunkSurface: usingRoot=false hmKeys=[WORLD_SURFACE,OCEAN_FLOOR,MOTION_BLOCKING,MOTION_BLOCKING_NO_LEAVES] mbLongArray=true
[2026-08-06 18:56:30.411] [INFO] ChunkSurface: heights decoded, sample[0..4]=69, 68, 68, 68, 67
[2026-08-06 18:56:30.419] [INFO] ChunkSurface: sections=24 worldMinY=-64 sectionYs=[-4, -3, -2]..[17, 18, 19] status=minecraft:full
[2026-08-06 18:56:30.429] [INFO] ChunkSurface: sample=[1, 1, 7, 1, 11] nonZeroCells=256/256
[2026-08-06 18:56:30.487] [DEBUG] mesh(-5,-4): surface=256/256 verts=3750 trans=7416 paths=13
[2026-08-06 18:56:30.501] [WARN] Asset index not found for version '1.21.1' in /storage/emulated/0/FCL/.minecraft/assets/indexes/1.21.1.json
[2026-08-06 18:56:30.501] [WARN] Asset index not found for version '1.21.1' in /storage/emulated/0/FCL/.minecraft/assets/indexes/1.21.1.json
[2026-08-06 18:56:30.503] [WARN] Asset index not found for version '1.21.1' in /storage/emulated/0/FCL/.minecraft/assets/indexes/1.21.1.json
[2026-08-06 18:56:30.504] [WARN] Asset index not found for version '1.21.1' in /storage/emulated/0/FCL/.minecraft/assets/indexes/1.21.1.json
[2026-08-06 18:56:30.504] [WARN] Asset index not found for version '1.21.1' in /storage/emulated/0/FCL/.minecraft/assets/indexes/1.21.1.json
[2026-08-06 18:56:30.505] [WARN] Asset index not found for version '1.21.1' in /storage/emulated/0/FCL/.minecraft/assets/indexes/1.21.1.json
[2026-08-06 18:56:30.506] [WARN] Asset index not found for version '1.21.1' in /storage/emulated/0/FCL/.minecraft/assets/indexes/1.21.1.json
[2026-08-06 18:56:30.507] [WARN] Asset index not found for version '1.21.1' in /storage/emulated/0/FCL/.minecraft/assets/indexes/1.21.1.json
[2026-08-06 18:56:30.507] [WARN] Asset index not found for version '1.21.1' in /storage/emulated/0/FCL/.minecraft/assets/indexes/1.21.1.json
[2026-08-06 18:56:30.508] [WARN] Asset index not found for version '1.21.1' in /storage/emulated/0/FCL/.minecraft/assets/indexes/1.21.1.json
[2026-08-06 18:56:30.509] [WARN] Asset index not found for version '1.21.1' in /storage/emulated/0/FCL/.minecraft/assets/indexes/1.21.1.json
[2026-08-06 18:56:30.510] [WARN] Asset index not found for version '1.21.1' in /storage/emulated/0/FCL/.minecraft/assets/indexes/1.21.1.json
[2026-08-06 18:56:30.511] [DEBUG] Texture resolved from version jar: minecraft:block/grass_block_side
[2026-08-06 18:56:30.511] [WARN] Asset index not found for version '1.21.1' in /storage/emulated/0/FCL/.minecraft/assets/indexes/1.21.1.json
[2026-08-06 18:56:30.513] [DEBUG] Texture resolved from version jar: minecraft:block/dirt
[2026-08-06 18:56:30.513] [DEBUG] Texture resolved from version jar: minecraft:block/grass_block_top
[2026-08-06 18:56:30.514] [DEBUG] Texture resolved from version jar: minecraft:block/birch_log_top
[2026-08-06 18:56:30.514] [DEBUG] Texture resolved from version jar: minecraft:block/birch_leaves
[2026-08-06 18:56:30.515] [DEBUG] Texture resolved from version jar: minecraft:block/oak_leaves
[2026-08-06 18:56:30.516] [DEBUG] Texture resolved from version jar: minecraft:block/short_grass
[2026-08-06 18:56:30.517] [DEBUG] ensureChunksAround: dropping 1 chunks (cx=9,cz=-14, cam=157.13177,-223.66277)
[2026-08-06 18:56:30.520] [DEBUG] Texture resolved from version jar: minecraft:block/oak_log_top
[2026-08-06 18:56:30.520] [DEBUG] Texture resolved from version jar: minecraft:block/stone
[2026-08-06 18:56:30.524] [DEBUG] Texture resolved from version jar: minecraft:block/water_still
[2026-08-06 18:56:30.524] [DEBUG] Texture resolved from version jar: minecraft:block/gravel
[2026-08-06 18:56:30.525] [DEBUG] Texture resolved from version jar: minecraft:block/birch_log
[2026-08-06 18:56:30.524] [DEBUG] Texture resolved from version jar: minecraft:block/oak_log
[2026-08-06 18:56:30.622] [DEBUG] mesh(-6,-2): surface=256/256 verts=2850 trans=14076 paths=10
[2026-08-06 18:56:30.652] [WARN] Asset index not found for version '1.21.1' in /storage/emulated/0/FCL/.minecraft/assets/indexes/1.21.1.json
[2026-08-06 18:56:30.658] [WARN] Asset index not found for version '1.21.1' in /storage/emulated/0/FCL/.minecraft/assets/indexes/1.21.1.json
[2026-08-06 18:56:30.656] [WARN] Asset index not found for version '1.21.1' in /storage/emulated/0/FCL/.minecraft/assets/indexes/1.21.1.json
[2026-08-06 18:56:30.662] [WARN] Asset index not found for version '1.21.1' in /storage/emulated/0/FCL/.minecraft/assets/indexes/1.21.1.json
[2026-08-06 18:56:30.666] [WARN] Asset index not found for version '1.21.1' in /storage/emulated/0/FCL/.minecraft/assets/indexes/1.21.1.json
[2026-08-06 18:56:30.668] [DEBUG] ensureChunksAround: dropping 1 chunks (cx=9,cz=-14, cam=157.13177,-223.66277)
[2026-08-06 18:56:30.668] [WARN] Asset index not found for version '1.21.1' in /storage/emulated/0/FCL/.minecraft/assets/indexes/1.21.1.json
[2026-08-06 18:56:30.666] [WARN] Asset index not found for version '1.21.1' in /storage/emulated/0/FCL/.minecraft/assets/indexes/1.21.1.json
[2026-08-06 18:56:30.673] [WARN] Asset index not found for version '1.21.1' in /storage/emulated/0/FCL/.minecraft/assets/indexes/1.21.1.json
[2026-08-06 18:56:30.675] [DEBUG] Texture resolved from version jar: minecraft:block/grass_block_side
[2026-08-06 18:56:30.675] [WARN] Asset index not found for version '1.21.1' in /storage/emulated/0/FCL/.minecraft/assets/indexes/1.21.1.json
[2026-08-06 18:56:30.675] [DEBUG] Texture resolved from version jar: minecraft:block/oak_leaves
[2026-08-06 18:56:30.677] [DEBUG] Texture resolved from version jar: minecraft:block/dirt
[2026-08-06 18:56:30.678] [WARN] Asset index not found for version '1.21.1' in /storage/emulated/0/FCL/.minecraft/assets/indexes/1.21.1.json
[2026-08-06 18:56:30.681] [DEBUG] Texture resolved from version jar: minecraft:block/short_grass
[2026-08-06 18:56:30.683] [DEBUG] Texture resolved from version jar: minecraft:block/grass_block_top
[2026-08-06 18:56:30.683] [DEBUG] Texture resolved from version jar: minecraft:block/iron_ore
[2026-08-06 18:56:30.685] [DEBUG] Texture resolved from version jar: minecraft:block/oak_log
[2026-08-06 18:56:30.686] [DEBUG] Texture resolved from version jar: minecraft:block/oak_log_top
[2026-08-06 18:56:30.687] [DEBUG] Texture resolved from version jar: minecraft:block/stone
[2026-08-06 18:56:30.688] [DEBUG] Texture resolved from version jar: minecraft:block/birch_leaves
[2026-08-06 18:56:30.782] [DEBUG] mesh(-6,2): surface=256/256 verts=7596 trans=8142 paths=16
[2026-08-06 18:56:30.802] [WARN] Asset index not found for version '1.21.1' in /storage/emulated/0/FCL/.minecraft/assets/indexes/1.21.1.json
[2026-08-06 18:56:30.802] [WARN] Asset index not found for version '1.21.1' in /storage/emulated/0/FCL/.minecraft/assets/indexes/1.21.1.json
[2026-08-06 18:56:30.807] [WARN] Asset index not found for version '1.21.1' in /storage/emulated/0/FCL/.minecraft/assets/indexes/1.21.1.json
[2026-08-06 18:56:30.809] [WARN] Asset index not found for version '1.21.1' in /storage/emulated/0/FCL/.minecraft/assets/indexes/1.21.1.json
[2026-08-06 18:56:30.809] [WARN] Asset index not found for version '1.21.1' in /storage/emulated/0/FCL/.minecraft/assets/indexes/1.21.1.json
[2026-08-06 18:56:30.810] [WARN] Asset index not found for version '1.21.1' in /storage/emulated/0/FCL/.minecraft/assets/indexes/1.21.1.json
[2026-08-06 18:56:30.811] [DEBUG] ensureChunksAround: dropping 1 chunks (cx=9,cz=-14, cam=157.13177,-223.66277)
[2026-08-06 18:56:30.811] [WARN] Asset index not found for version '1.21.1' in /storage/emulated/0/FCL/.minecraft/assets/indexes/1.21.1.json
[2026-08-06 18:56:30.813] [WARN] Asset index not found for version '1.21.1' in /storage/emulated/0/FCL/.minecraft/assets/indexes/1.21.1.json
[2026-08-06 18:56:30.814] [WARN] Asset index not found for version '1.21.1' in /storage/emulated/0/FCL/.minecraft/assets/indexes/1.21.1.json
[2026-08-06 18:56:30.814] [WARN] Asset index not found for version '1.21.1' in /storage/emulated/0/FCL/.minecraft/assets/indexes/1.21.1.json
[2026-08-06 18:56:30.816] [WARN] Asset index not found for version '1.21.1' in /storage/emulated/0/FCL/.minecraft/assets/indexes/1.21.1.json
[2026-08-06 18:56:30.816] [WARN] Asset index not found for version '1.21.1' in /storage/emulated/0/FCL/.minecraft/assets/indexes/1.21.1.json
[2026-08-06 18:56:30.817] [WARN] Asset index not found for version '1.21.1' in /storage/emulated/0/FCL/.minecraft/assets/indexes/1.21.1.json
[2026-08-06 18:56:30.819] [WARN] Asset index not found for version '1.21.1' in /storage/emulated/0/FCL/.minecraft/assets/indexes/1.21.1.json
[2026-08-06 18:56:30.818] [WARN] Asset index not found for version '1.21.1' in /storage/emulated/0/FCL/.minecraft/assets/indexes/1.21.1.json
[2026-08-06 18:56:30.821] [DEBUG] Texture resolved from version jar: minecraft:block/dirt
[2026-08-06 18:56:30.822] [WARN] Asset index not found for version '1.21.1' in /storage/emulated/0/FCL/.minecraft/assets/indexes/1.21.1.json
[2026-08-06 18:56:30.822] [DEBUG] Texture resolved from version jar: minecraft:block/grass_block_top
[2026-08-06 18:56:30.824] [DEBUG] Texture resolved from version jar: minecraft:block/oak_log_top
[2026-08-06 18:56:30.824] [DEBUG] Texture resolved from version jar: minecraft:block/coal_ore
[2026-08-06 18:56:30.822] [DEBUG] Texture resolved from version jar: minecraft:block/short_grass
[2026-08-06 18:56:30.824] [DEBUG] Texture resolved from version jar: minecraft:block/stone
[2026-08-06 18:56:30.827] [DEBUG] Texture resolved from version jar: minecraft:block/oak_log
[2026-08-06 18:56:30.828] [DEBUG] Texture resolved from version jar: minecraft:block/copper_ore
[2026-08-06 18:56:30.828] [DEBUG] Texture resolved from version jar: minecraft:block/oak_leaves
[2026-08-06 18:56:30.829] [DEBUG] Texture resolved from version jar: minecraft:block/birch_log
[2026-08-06 18:56:30.829] [DEBUG] Texture resolved from version jar: minecraft:block/cobblestone
[2026-08-06 18:56:30.831] [DEBUG] Texture resolved from version jar: minecraft:block/birch_leaves
[2026-08-06 18:56:30.832] [DEBUG] Texture resolved from version jar: minecraft:block/lilac_top
[2026-08-06 18:56:30.832] [DEBUG] Texture resolved from version jar: minecraft:block/grass_block_side
[2026-08-06 18:56:30.834] [DEBUG] Texture resolved from version jar: minecraft:block/lilac_bottom
[2026-08-06 18:56:30.834] [DEBUG] Texture resolved from version jar: minecraft:block/birch_log_top
[2026-08-06 18:56:30.941] [DEBUG] mesh(-6,3): surface=256/256 verts=4236 trans=13146 paths=14
[2026-08-06 18:56:30.963] [WARN] Asset index not found for version '1.21.1' in /storage/emulated/0/FCL/.minecraft/assets/indexes/1.21.1.json
[2026-08-06 18:56:30.963] [WARN] Asset index not found for version '1.21.1' in /storage/emulated/0/FCL/.minecraft/assets/indexes/1.21.1.json
[2026-08-06 18:56:30.965] [WARN] Asset index not found for version '1.21.1' in /storage/emulated/0/FCL/.minecraft/assets/indexes/1.21.1.json
[2026-08-06 18:56:30.965] [DEBUG] Texture resolved from version jar: minecraft:block/oak_log
[2026-08-06 18:56:30.966] [WARN] Asset index not found for version '1.21.1' in /storage/emulated/0/FCL/.minecraft/assets/indexes/1.21.1.json
[2026-08-06 18:56:30.966] [DEBUG] Texture resolved from version jar: minecraft:block/oak_leaves
[2026-08-06 18:56:30.967] [WARN] Asset index not found for version '1.21.1' in /storage/emulated/0/FCL/.minecraft/assets/indexes/1.21.1.json
[2026-08-06 18:56:30.969] [DEBUG] Texture resolved from version jar: minecraft:block/grass_block_side
[2026-08-06 18:56:30.969] [DEBUG] Texture resolved from version jar: minecraft:block/oak_log_top
[2026-08-06 18:56:30.970] [WARN] Asset index not found for version '1.21.1' in /storage/emulated/0/FCL/.minecraft/assets/indexes/1.21.1.json
[2026-08-06 18:56:30.972] [DEBUG] Texture resolved from version jar: minecraft:block/grass_block_top
[2026-08-06 18:56:30.973] [WARN] Asset index not found for version '1.21.1' in /storage/emulated/0/FCL/.minecraft/assets/indexes/1.21.1.json
[2026-08-06 18:56:30.974] [WARN] Asset index not found for version '1.21.1' in /storage/emulated/0/FCL/.minecraft/assets/indexes/1.21.1.json
[2026-08-06 18:56:30.974] [DEBUG] ensureChunksAround: dropping 1 chunks (cx=9,cz=-14, cam=157.13177,-223.66277)
[2026-08-06 18:56:30.975] [WARN] Asset index not found for version '1.21.1' in /storage/emulated/0/FCL/.minecraft/assets/indexes/1.21.1.json
[2026-08-06 18:56:30.975] [WARN] Asset index not found for version '1.21.1' in /storage/emulated/0/FCL/.minecraft/assets/indexes/1.21.1.json
[2026-08-06 18:56:30.977] [WARN] Asset index not found for version '1.21.1' in /storage/emulated/0/FCL/.minecraft/assets/indexes/1.21.1.json
[2026-08-06 18:56:30.977] [WARN] Asset index not found for version '1.21.1' in /storage/emulated/0/FCL/.minecraft/assets/indexes/1.21.1.json
[2026-08-06 18:56:30.978] [WARN] Asset index not found for version '1.21.1' in /storage/emulated/0/FCL/.minecraft/assets/indexes/1.21.1.json
[2026-08-06 18:56:30.979] [WARN] Asset index not found for version '1.21.1' in /storage/emulated/0/FCL/.minecraft/assets/indexes/1.21.1.json
[2026-08-06 18:56:30.980] [DEBUG] Texture resolved from version jar: minecraft:block/dirt
[2026-08-06 18:56:30.982] [DEBUG] Texture resolved from version jar: minecraft:block/stone
[2026-08-06 18:56:30.983] [DEBUG] Texture resolved from version jar: minecraft:block/coal_ore
[2026-08-06 18:56:30.983] [DEBUG] Texture resolved from version jar: minecraft:block/birch_leaves
[2026-08-06 18:56:30.985] [DEBUG] Texture resolved from version jar: minecraft:block/short_grass
[2026-08-06 18:56:30.985] [DEBUG] Texture resolved from version jar: minecraft:block/birch_log_top
[2026-08-06 18:56:30.985] [DEBUG] Texture resolved from version jar: minecraft:block/birch_log
[2026-08-06 18:56:30.987] [DEBUG] Texture resolved from version jar: minecraft:block/lilac_bottom
[2026-08-06 18:56:30.987] [DEBUG] Texture resolved from version jar: minecraft:block/lilac_top
[2026-08-06 18:56:31.122] [DEBUG] mesh(-6,0): surface=256/256 verts=2946 trans=15396 paths=7
[2026-08-06 18:56:31.147] [WARN] Asset index not found for version '1.21.1' in /storage/emulated/0/FCL/.minecraft/assets/indexes/1.21.1.json
[2026-08-06 18:56:31.147] [WARN] Asset index not found for version '1.21.1' in /storage/emulated/0/FCL/.minecraft/assets/indexes/1.21.1.json
[2026-08-06 18:56:31.150] [WARN] Asset index not found for version '1.21.1' in /storage/emulated/0/FCL/.minecraft/assets/indexes/1.21.1.json
[2026-08-06 18:56:31.150] [DEBUG] Texture resolved from version jar: minecraft:block/grass_block_top
[2026-08-06 18:56:31.151] [WARN] Asset index not found for version '1.21.1' in /storage/emulated/0/FCL/.minecraft/assets/indexes/1.21.1.json
[2026-08-06 18:56:31.152] [WARN] Asset index not found for version '1.21.1' in /storage/emulated/0/FCL/.minecraft/assets/indexes/1.21.1.json
[2026-08-06 18:56:31.153] [WARN] Asset index not found for version '1.21.1' in /storage/emulated/0/FCL/.minecraft/assets/indexes/1.21.1.json
[2026-08-06 18:56:31.154] [DEBUG] Texture resolved from version jar: minecraft:block/grass_block_side
[2026-08-06 18:56:31.154] [WARN] Asset index not found for version '1.21.1' in /storage/emulated/0/FCL/.minecraft/assets/indexes/1.21.1.json
[2026-08-06 18:56:31.155] [DEBUG] ensureChunksAround: dropping 1 chunks (cx=9,cz=-14, cam=157.13177,-223.66277)
[2026-08-06 18:56:31.156] [DEBUG] Texture resolved from version jar: minecraft:block/dirt
[2026-08-06 18:56:31.156] [DEBUG] Texture resolved from version jar: minecraft:block/oak_leaves
[2026-08-06 18:56:31.157] [DEBUG] Texture resolved from version jar: minecraft:block/oak_log_top
[2026-08-06 18:56:31.159] [DEBUG] Texture resolved from version jar: minecraft:block/short_grass
[2026-08-06 18:56:31.159] [DEBUG] Texture resolved from version jar: minecraft:block/oak_log
[2026-08-06 18:56:31.247] [DEBUG] mesh(-6,1): surface=256/256 verts=3558 trans=9906 paths=11
[2026-08-06 18:56:31.265] [WARN] Asset index not found for version '1.21.1' in /storage/emulated/0/FCL/.minecraft/assets/indexes/1.21.1.json
[2026-08-06 18:56:31.266] [WARN] Asset index not found for version '1.21.1' in /storage/emulated/0/FCL/.minecraft/assets/indexes/1.21.1.json
[2026-08-06 18:56:31.266] [WARN] Asset index not found for version '1.21.1' in /storage/emulated/0/FCL/.minecraft/assets/indexes/1.21.1.json
[2026-08-06 18:56:31.267] [WARN] Asset index not found for version '1.21.1' in /storage/emulated/0/FCL/.minecraft/assets/indexes/1.21.1.json
[2026-08-06 18:56:31.268] [WARN] Asset index not found for version '1.21.1' in /storage/emulated/0/FCL/.minecraft/assets/indexes/1.21.1.json
[2026-08-06 18:56:31.268] [WARN] Asset index not found for version '1.21.1' in /storage/emulated/0/FCL/.minecraft/assets/indexes/1.21.1.json
[2026-08-06 18:56:31.270] [WARN] Asset index not found for version '1.21.1' in /storage/emulated/0/FCL/.minecraft/assets/indexes/1.21.1.json
[2026-08-06 18:56:31.270] [WARN] Asset index not found for version '1.21.1' in /storage/emulated/0/FCL/.minecraft/assets/indexes/1.21.1.json
[2026-08-06 18:56:31.271] [WARN] Asset index not found for version '1.21.1' in /storage/emulated/0/FCL/.minecraft/assets/indexes/1.21.1.json
[2026-08-06 18:56:31.271] [WARN] Asset index not found for version '1.21.1' in /storage/emulated/0/FCL/.minecraft/assets/indexes/1.21.1.json
[2026-08-06 18:56:31.272] [WARN] Asset index not found for version '1.21.1' in /storage/emulated/0/FCL/.minecraft/assets/indexes/1.21.1.json
[2026-08-06 18:56:31.273] [DEBUG] Texture resolved from version jar: minecraft:block/oak_leaves
[2026-08-06 18:56:31.276] [DEBUG] Texture resolved from version jar: minecraft:block/grass_block_side
[2026-08-06 18:56:31.276] [DEBUG] Texture resolved from version jar: minecraft:block/grass_block_top
[2026-08-06 18:56:31.275] [DEBUG] ensureChunksAround: dropping 1 chunks (cx=9,cz=-14, cam=157.13177,-223.66277)
[2026-08-06 18:56:31.275] [DEBUG] Texture resolved from version jar: minecraft:block/birch_leaves
[2026-08-06 18:56:31.277] [DEBUG] Texture resolved from version jar: minecraft:block/dirt
[2026-08-06 18:56:31.277] [DEBUG] Texture resolved from version jar: minecraft:block/short_grass
[2026-08-06 18:56:31.278] [DEBUG] Texture resolved from version jar: minecraft:block/stone
[2026-08-06 18:56:31.278] [DEBUG] Texture resolved from version jar: minecraft:block/oak_log
[2026-08-06 18:56:31.279] [DEBUG] Texture resolved from version jar: minecraft:block/birch_log
[2026-08-06 18:56:31.279] [DEBUG] Texture resolved from version jar: minecraft:block/birch_log_top
[2026-08-06 18:56:31.279] [DEBUG] Texture resolved from version jar: minecraft:block/oak_log_top
[2026-08-06 18:56:31.362] [DEBUG] mesh(-6,-3): surface=256/256 verts=3630 trans=17478 paths=9
[2026-08-06 18:56:31.389] [DEBUG] ensureChunksAround: dropping 1 chunks (cx=9,cz=-14, cam=157.13177,-223.66277)
[2026-08-06 18:56:31.421] [DEBUG] mesh(-5,-4): surface=256/256 verts=3750 trans=7416 paths=13
[2026-08-06 18:56:31.455] [DEBUG] ensureChunksAround: dropping 1 chunks (cx=9,cz=-14, cam=157.13177,-223.66277)
[2026-08-06 18:56:31.513] [DEBUG] mesh(-6,-2): surface=256/256 verts=2850 trans=14076 paths=10
[2026-08-06 18:56:31.556] [DEBUG] ensureChunksAround: dropping 1 chunks (cx=9,cz=-14, cam=157.13177,-223.66277)
[2026-08-06 18:56:31.602] [DEBUG] mesh(-6,2): surface=256/256 verts=7596 trans=8142 paths=16
[2026-08-06 18:56:31.624] [WARN] Cannot open pfd: region/r.0.-1.mca
[2026-08-06 18:56:31.626] [DEBUG] Opened region: r.0.-1.mca
[2026-08-06 18:56:31.636] [DEBUG] ensureChunksAround: dropping 1 chunks (cx=9,cz=-14, cam=157.13177,-223.66277)
[2026-08-06 18:56:31.757] [DEBUG] mesh(3,-16): surface=256/256 verts=4332 trans=13188 paths=11
[2026-08-06 18:56:31.914] [DEBUG] mesh(3,-17): surface=256/256 verts=3756 trans=13614 paths=9
[2026-08-06 18:56:32.025] [DEBUG] mesh(3,-14): surface=256/256 verts=2532 trans=3366 paths=9
[2026-08-06 18:56:32.043] [WARN] Asset index not found for version '1.21.1' in /storage/emulated/0/FCL/.minecraft/assets/indexes/1.21.1.json
[2026-08-06 18:56:32.050] [DEBUG] Texture resolved from version jar: minecraft:block/sand
[2026-08-06 18:56:32.153] [DEBUG] mesh(3,-15): surface=256/256 verts=6342 trans=4908 paths=10
[2026-08-06 18:56:32.198] [DEBUG] mesh(3,-14): surface=256/256 verts=1854 trans=3366 paths=9
[2026-08-06 18:56:32.311] [DEBUG] mesh(3,-13): surface=256/256 verts=0 trans=3072 paths=1
[2026-08-06 18:56:32.437] [DEBUG] mesh(4,-18): surface=256/256 verts=3246 trans=14586 paths=10
[2026-08-06 18:56:32.569] [DEBUG] mesh(3,-12): surface=256/256 verts=0 trans=3072 paths=1
[2026-08-06 18:56:32.675] [DEBUG] mesh(4,-17): surface=256/256 verts=3912 trans=14796 paths=11
[2026-08-06 18:56:32.839] [DEBUG] mesh(3,-11): surface=256/256 verts=0 trans=3072 paths=1
[2026-08-06 18:56:32.968] [DEBUG] mesh(4,-16): surface=256/256 verts=6186 trans=13428 paths=11
[2026-08-06 18:56:33.017] [WARN] Asset index not found for version '1.21.1' in /storage/emulated/0/FCL/.minecraft/assets/indexes/1.21.1.json
[2026-08-06 18:56:33.022] [DEBUG] Texture resolved from version jar: minecraft:block/bamboo_planks
[2026-08-06 18:56:33.115] [DEBUG] mesh(5,-19): surface=256/256 verts=3390 trans=10530 paths=9
[2026-08-06 18:56:33.201] [DEBUG] mesh(4,-15): surface=256/256 verts=1080 trans=2538 paths=5
[2026-08-06 18:56:33.276] [DEBUG] mesh(4,-16): surface=256/256 verts=6222 trans=13428 paths=11
[2026-08-06 18:56:33.395] [DEBUG] mesh(4,-14): surface=256/256 verts=2490 trans=10434 paths=11
[2026-08-06 18:56:33.508] [DEBUG] mesh(4,-13): surface=256/256 verts=2688 trans=6720 paths=10
[2026-08-06 18:56:33.601] [DEBUG] mesh(4,-10): surface=256/256 verts=1242 trans=4758 paths=12
[2026-08-06 18:56:33.610] [WARN] Asset index not found for version '1.21.1' in /storage/emulated/0/FCL/.minecraft/assets/indexes/1.21.1.json
[2026-08-06 18:56:33.613] [DEBUG] Texture resolved from version jar: minecraft:block/seagrass
[2026-08-06 18:56:33.707] [DEBUG] mesh(4,-12): surface=256/256 verts=1158 trans=8370 paths=15
[2026-08-06 18:56:33.725] [WARN] Asset index not found for version '1.21.1' in /storage/emulated/0/FCL/.minecraft/assets/indexes/1.21.1.json
[2026-08-06 18:56:33.727] [WARN] Asset index not found for version '1.21.1' in /storage/emulated/0/FCL/.minecraft/assets/indexes/1.21.1.json
[2026-08-06 18:56:33.733] [DEBUG] Texture resolved from version jar: minecraft:block/magma
[2026-08-06 18:56:33.740] [WARN] Asset index not found for version '1.21.1' in /storage/emulated/0/FCL/.minecraft/assets/indexes/1.21.1.json
[2026-08-06 18:56:33.741] [WARN] All texture sources failed for: minecraft:block/bubble_column
[2026-08-06 18:56:33.864] [ERROR] Texture unavailable for 'minecraft:block/bubble_column' — local assets, mods and network all failed
[2026-08-06 18:56:34.355] [WARN] Asset index not found for version '1.21.1' in /storage/emulated/0/FCL/.minecraft/assets/indexes/1.21.1.json
[2026-08-06 18:56:34.357] [WARN] Asset index not found for version '1.21.1' in /storage/emulated/0/FCL/.minecraft/assets/indexes/1.21.1.json
[2026-08-06 18:56:34.358] [DEBUG] Texture resolved from version jar: minecraft:block/tall_seagrass_bottom
[2026-08-06 18:56:34.358] [DEBUG] Texture resolved from version jar: minecraft:block/tall_seagrass_top
[2026-08-06 18:56:34.497] [WARN] Asset index not found for version '1.21.1' in /storage/emulated/0/FCL/.minecraft/assets/indexes/1.21.1.json
[2026-08-06 18:56:34.499] [DEBUG] Texture resolved from version jar: minecraft:block/diorite
[2026-08-06 18:56:35.999] [WARN] Asset index not found for version '1.21.1' in /storage/emulated/0/FCL/.minecraft/assets/indexes/1.21.1.json
[2026-08-06 18:56:35.999] [WARN] Asset index not found for version '1.21.1' in /storage/emulated/0/FCL/.minecraft/assets/indexes/1.21.1.json
[2026-08-06 18:56:36.002] [DEBUG] Texture resolved from version jar: minecraft:block/granite
[2026-08-06 18:56:36.004] [DEBUG] Texture resolved from version jar: minecraft:block/andesite
[2026-08-06 18:56:36.210] [WARN] Asset index not found for version '1.21.1' in /storage/emulated/0/FCL/.minecraft/assets/indexes/1.21.1.json
[2026-08-06 18:56:36.210] [WARN] Asset index not found for version '1.21.1' in /storage/emulated/0/FCL/.minecraft/assets/indexes/1.21.1.json
[2026-08-06 18:56:36.211] [WARN] Asset index not found for version '1.21.1' in /storage/emulated/0/FCL/.minecraft/assets/indexes/1.21.1.json
[2026-08-06 18:56:36.211] [DEBUG] Texture resolved from version jar: minecraft:block/oak_planks
[2026-08-06 18:56:36.212] [DEBUG] Texture resolved from version jar: minecraft:block/torch
[2026-08-06 18:56:36.213] [WARN] Asset index not found for version '1.21.1' in /storage/emulated/0/FCL/.minecraft/assets/indexes/1.21.1.json
[2026-08-06 18:56:36.215] [DEBUG] Texture resolved from version jar: minecraft:block/crafting_table_top
[2026-08-06 18:56:36.215] [DEBUG] Texture resolved from version jar: minecraft:block/crafting_table_front
[2026-08-06 18:56:36.307] [WARN] Asset index not found for version '1.21.1' in /storage/emulated/0/FCL/.minecraft/assets/indexes/1.21.1.json
[2026-08-06 18:56:36.310] [DEBUG] Texture resolved from version jar: minecraft:block/cherry_log
[2026-08-06 18:56:36.524] [DEBUG] ensureChunksAround: dropping 3 chunks (cx=9,cz=-15, cam=156.4659,-224.04536)
[2026-08-06 18:56:36.643] [WARN] Asset index not found for version '1.21.1' in /storage/emulated/0/FCL/.minecraft/assets/indexes/1.21.1.json
[2026-08-06 18:56:36.646] [DEBUG] Texture resolved from version jar: minecraft:block/lily_of_the_valley
[2026-08-06 18:56:37.119] [DEBUG] ensureChunksAround: dropping 1 chunks (cx=9,cz=-15, cam=147.99011,-227.07033)
[2026-08-06 18:56:37.718] [WARN] Asset index not found for version '1.21.1' in /storage/emulated/0/FCL/.minecraft/assets/indexes/1.21.1.json
[2026-08-06 18:56:37.719] [WARN] Asset index not found for version '1.21.1' in /storage/emulated/0/FCL/.minecraft/assets/indexes/1.21.1.json
[2026-08-06 18:56:37.720] [WARN] Asset index not found for version '1.21.1' in /storage/emulated/0/FCL/.minecraft/assets/indexes/1.21.1.json
[2026-08-06 18:56:37.723] [DEBUG] Texture resolved from version jar: minecraft:block/tall_grass_bottom
[2026-08-06 18:56:37.724] [DEBUG] Texture resolved from version jar: minecraft:block/cornflower
[2026-08-06 18:56:37.730] [DEBUG] Texture resolved from version jar: minecraft:block/tall_grass_top
[2026-08-06 18:56:38.177] [WARN] Asset index not found for version '1.21.1' in /storage/emulated/0/FCL/.minecraft/assets/indexes/1.21.1.json
[2026-08-06 18:56:38.179] [DEBUG] Texture resolved from version jar: minecraft:block/glow_lichen
[2026-08-06 18:56:38.702] [WARN] Asset index not found for version '1.21.1' in /storage/emulated/0/FCL/.minecraft/assets/indexes/1.21.1.json
[2026-08-06 18:56:38.704] [DEBUG] Texture resolved from version jar: minecraft:block/dandelion
[2026-08-06 18:56:39.293] [DEBUG] ensureChunksAround: dropping 1 chunks (cx=7,cz=-16, cam=127.74898,-240.06424)
[2026-08-06 18:56:39.859] [WARN] Asset index not found for version '1.21.1' in /storage/emulated/0/FCL/.minecraft/assets/indexes/1.21.1.json
[2026-08-06 18:56:39.864] [DEBUG] Texture resolved from version jar: minecraft:block/oxeye_daisy
[2026-08-06 18:56:40.403] [WARN] Asset index not found for version '1.21.1' in /storage/emulated/0/FCL/.minecraft/assets/indexes/1.21.1.json
[2026-08-06 18:56:40.410] [DEBUG] Texture resolved from version jar: minecraft:block/acacia_leaves
[2026-08-06 18:56:40.860] [DEBUG] ensureChunksAround: dropping 3 chunks (cx=6,cz=-17, cam=105.27579,-256.08298)
[2026-08-06 18:56:41.566] [WARN] Asset index not found for version '1.21.1' in /storage/emulated/0/FCL/.minecraft/assets/indexes/1.21.1.json
[2026-08-06 18:56:41.568] [DEBUG] Texture resolved from version jar: minecraft:block/clay
[2026-08-06 18:56:42.309] [WARN] Asset index not found for version '1.21.1' in /storage/emulated/0/FCL/.minecraft/assets/indexes/1.21.1.json
[2026-08-06 18:56:42.312] [DEBUG] Texture resolved from version jar: minecraft:block/rose_bush_top
[2026-08-06 18:56:42.312] [WARN] Asset index not found for version '1.21.1' in /storage/emulated/0/FCL/.minecraft/assets/indexes/1.21.1.json
[2026-08-06 18:56:42.318] [DEBUG] Texture resolved from version jar: minecraft:block/rose_bush_bottom
[2026-08-06 18:56:42.466] [WARN] Asset index not found for version '1.21.1' in /storage/emulated/0/FCL/.minecraft/assets/indexes/1.21.1.json
[2026-08-06 18:56:42.466] [WARN] Asset index not found for version '1.21.1' in /storage/emulated/0/FCL/.minecraft/assets/indexes/1.21.1.json
[2026-08-06 18:56:42.468] [WARN] Asset index not found for version '1.21.1' in /storage/emulated/0/FCL/.minecraft/assets/indexes/1.21.1.json
[2026-08-06 18:56:42.468] [WARN] Asset index not found for version '1.21.1' in /storage/emulated/0/FCL/.minecraft/assets/indexes/1.21.1.json
[2026-08-06 18:56:42.469] [WARN] Asset index not found for version '1.21.1' in /storage/emulated/0/FCL/.minecraft/assets/indexes/1.21.1.json
[2026-08-06 18:56:42.469] [WARN] Asset index not found for version '1.21.1' in /storage/emulated/0/FCL/.minecraft/assets/indexes/1.21.1.json
[2026-08-06 18:56:42.476] [DEBUG] Texture resolved from version jar: minecraft:block/bee_nest_top
[2026-08-06 18:56:42.477] [DEBUG] Texture resolved from version jar: minecraft:block/rose_bush_bottom
[2026-08-06 18:56:42.477] [DEBUG] Texture resolved from version jar: minecraft:block/bee_nest_bottom
[2026-08-06 18:56:42.478] [DEBUG] Texture resolved from version jar: minecraft:block/bee_nest_side
[2026-08-06 18:56:42.480] [DEBUG] Texture resolved from version jar: minecraft:block/bee_nest_front_honey
[2026-08-06 18:56:42.481] [DEBUG] Texture resolved from version jar: minecraft:block/rose_bush_top
[2026-08-06 18:56:42.888] [WARN] Asset index not found for version '1.21.1' in /storage/emulated/0/FCL/.minecraft/assets/indexes/1.21.1.json
[2026-08-06 18:56:42.890] [DEBUG] Texture resolved from version jar: minecraft:block/poppy
[2026-08-06 18:56:42.888] [WARN] Asset index not found for version '1.21.1' in /storage/emulated/0/FCL/.minecraft/assets/indexes/1.21.1.json
[2026-08-06 18:56:42.897] [DEBUG] Texture resolved from version jar: minecraft:block/azure_bluet
[2026-08-06 18:56:43.189] [WARN] Asset index not found for version '1.21.1' in /storage/emulated/0/FCL/.minecraft/assets/indexes/1.21.1.json
[2026-08-06 18:56:43.186] [WARN] Asset index not found for version '1.21.1' in /storage/emulated/0/FCL/.minecraft/assets/indexes/1.21.1.json
[2026-08-06 18:56:43.192] [DEBUG] Texture resolved from version jar: minecraft:block/sandstone
[2026-08-06 18:56:43.193] [DEBUG] Texture resolved from version jar: minecraft:block/sandstone_bottom
[2026-08-06 18:56:43.789] [WARN] Asset index not found for version '1.21.1' in /storage/emulated/0/FCL/.minecraft/assets/indexes/1.21.1.json
[2026-08-06 18:56:43.789] [WARN] Asset index not found for version '1.21.1' in /storage/emulated/0/FCL/.minecraft/assets/indexes/1.21.1.json
[2026-08-06 18:56:43.799] [DEBUG] Texture resolved from version jar: minecraft:block/acacia_log
[2026-08-06 18:56:43.800] [DEBUG] Texture resolved from version jar: minecraft:block/acacia_log_top
[2026-08-06 18:56:43.990] [WARN] Asset index not found for version '1.21.1' in /storage/emulated/0/FCL/.minecraft/assets/indexes/1.21.1.json
[2026-08-06 18:56:43.991] [WARN] Asset index not found for version '1.21.1' in /storage/emulated/0/FCL/.minecraft/assets/indexes/1.21.1.json
[2026-08-06 18:56:43.992] [DEBUG] Texture resolved from version jar: minecraft:block/acacia_log_top
[2026-08-06 18:56:43.994] [DEBUG] Texture resolved from version jar: minecraft:block/acacia_log
[2026-08-06 18:56:44.148] [WARN] Asset index not found for version '1.21.1' in /storage/emulated/0/FCL/.minecraft/assets/indexes/1.21.1.json
[2026-08-06 18:56:44.148] [WARN] Asset index not found for version '1.21.1' in /storage/emulated/0/FCL/.minecraft/assets/indexes/1.21.1.json
[2026-08-06 18:56:44.150] [WARN] Asset index not found for version '1.21.1' in /storage/emulated/0/FCL/.minecraft/assets/indexes/1.21.1.json
[2026-08-06 18:56:44.152] [DEBUG] Texture resolved from version jar: minecraft:block/acacia_log_top
[2026-08-06 18:56:44.150] [WARN] Asset index not found for version '1.21.1' in /storage/emulated/0/FCL/.minecraft/assets/indexes/1.21.1.json
[2026-08-06 18:56:44.158] [DEBUG] Texture resolved from version jar: minecraft:block/acacia_log
[2026-08-06 18:56:44.158] [DEBUG] Texture resolved from version jar: minecraft:block/smooth_basalt
[2026-08-06 18:56:44.158] [DEBUG] Texture resolved from version jar: minecraft:block/lapis_ore
[2026-08-06 18:56:44.400] [WARN] Asset index not found for version '1.21.1' in /storage/emulated/0/FCL/.minecraft/assets/indexes/1.21.1.json
[2026-08-06 18:56:44.400] [WARN] Asset index not found for version '1.21.1' in /storage/emulated/0/FCL/.minecraft/assets/indexes/1.21.1.json
[2026-08-06 18:56:44.402] [WARN] Asset index not found for version '1.21.1' in /storage/emulated/0/FCL/.minecraft/assets/indexes/1.21.1.json
[2026-08-06 18:56:44.402] [WARN] Asset index not found for version '1.21.1' in /storage/emulated/0/FCL/.minecraft/assets/indexes/1.21.1.json
[2026-08-06 18:56:44.404] [DEBUG] Texture resolved from version jar: minecraft:block/smooth_basalt
[2026-08-06 18:56:44.405] [DEBUG] Texture resolved from version jar: minecraft:block/amethyst_block
[2026-08-06 18:56:44.405] [DEBUG] Texture resolved from version jar: minecraft:block/calcite
[2026-08-06 18:56:44.407] [DEBUG] Texture resolved from version jar: minecraft:block/budding_amethyst
[2026-08-06 18:56:44.520] [WARN] Asset index not found for version '1.21.1' in /storage/emulated/0/FCL/.minecraft/assets/indexes/1.21.1.json
[2026-08-06 18:56:44.527] [DEBUG] Texture resolved from version jar: minecraft:block/lava
[2026-08-06 18:56:44.839] [WARN] Asset index not found for version '1.21.1' in /storage/emulated/0/FCL/.minecraft/assets/indexes/1.21.1.json
[2026-08-06 18:56:44.842] [DEBUG] Texture resolved from version jar: minecraft:block/lava
[2026-08-06 18:56:48.063] [WARN] Asset index not found for version '1.21.1' in /storage/emulated/0/FCL/.minecraft/assets/indexes/1.21.1.json
[2026-08-06 18:56:48.078] [WARN] Asset index not found for version '1.21.1' in /storage/emulated/0/FCL/.minecraft/assets/indexes/1.21.1.json
[2026-08-06 18:56:48.079] [WARN] All texture sources failed for: minecraft:block/bubble_column
[2026-08-06 18:56:48.323] [DEBUG] ensureChunksAround: dropping 9 chunks (cx=5,cz=-16, cam=81.74765,-255.93318)
[2026-08-06 18:56:48.867] [ERROR] Texture unavailable for 'minecraft:block/bubble_column' — local assets, mods and network all failed
[2026-08-06 18:56:49.463] [DEBUG] ensureChunksAround: dropping 1 chunks (cx=5,cz=-17, cam=83.20667,-256.93918)
[2026-08-06 18:56:49.581] [DEBUG] ensureChunksAround: dropping 1 chunks (cx=5,cz=-17, cam=83.20667,-256.93918)
[2026-08-06 18:56:52.590] [WARN] Asset index not found for version '1.21.1' in /storage/emulated/0/FCL/.minecraft/assets/indexes/1.21.1.json
[2026-08-06 18:56:52.616] [DEBUG] Texture resolved from version jar: minecraft:block/cherry_log_top
[2026-08-06 18:56:52.880] [WARN] Asset index not found for version '1.21.1' in /storage/emulated/0/FCL/.minecraft/assets/indexes/1.21.1.json
[2026-08-06 18:56:52.884] [DEBUG] Texture resolved from version jar: minecraft:block/cherry_log_top
[2026-08-06 18:56:55.243] [WARN] Asset index not found for version '1.21.1' in /storage/emulated/0/FCL/.minecraft/assets/indexes/1.21.1.json
[2026-08-06 18:56:55.248] [WARN] Asset index not found for version '1.21.1' in /storage/emulated/0/FCL/.minecraft/assets/indexes/1.21.1.json
[2026-08-06 18:56:55.242] [WARN] Asset index not found for version '1.21.1' in /storage/emulated/0/FCL/.minecraft/assets/indexes/1.21.1.json
[2026-08-06 18:56:55.257] [WARN] Asset index not found for version '1.21.1' in /storage/emulated/0/FCL/.minecraft/assets/indexes/1.21.1.json
[2026-08-06 18:56:55.260] [DEBUG] Texture resolved from version jar: minecraft:block/cherry_trapdoor
[2026-08-06 18:56:55.261] [DEBUG] Texture resolved from version jar: minecraft:block/cherry_planks
[2026-08-06 18:56:55.263] [DEBUG] Texture resolved from version jar: minecraft:block/stone_bricks
[2026-08-06 18:56:55.265] [WARN] Asset index not found for version '1.21.1' in /storage/emulated/0/FCL/.minecraft/assets/indexes/1.21.1.json
[2026-08-06 18:56:55.267] [WARN] Asset index not found for version '1.21.1' in /storage/emulated/0/FCL/.minecraft/assets/indexes/1.21.1.json
[2026-08-06 18:56:55.269] [WARN] Asset index not found for version '1.21.1' in /storage/emulated/0/FCL/.minecraft/assets/indexes/1.21.1.json
[2026-08-06 18:56:55.271] [WARN] Asset index not found for version '1.21.1' in /storage/emulated/0/FCL/.minecraft/assets/indexes/1.21.1.json
[2026-08-06 18:56:55.275] [WARN] Asset index not found for version '1.21.1' in /storage/emulated/0/FCL/.minecraft/assets/indexes/1.21.1.json
[2026-08-06 18:56:55.277] [WARN] Asset index not found for version '1.21.1' in /storage/emulated/0/FCL/.minecraft/assets/indexes/1.21.1.json
[2026-08-06 18:56:55.280] [WARN] Asset index not found for version '1.21.1' in /storage/emulated/0/FCL/.minecraft/assets/indexes/1.21.1.json
[2026-08-06 18:56:55.284] [DEBUG] Texture resolved from version jar: minecraft:block/stripped_cherry_log_top
[2026-08-06 18:56:55.291] [DEBUG] Texture resolved from version jar: minecraft:block/glass_pane_top
[2026-08-06 18:56:55.294] [DEBUG] Texture resolved from version jar: minecraft:block/glass
[2026-08-06 18:56:55.297] [DEBUG] Texture resolved from version jar: minecraft:block/peony_top
[2026-08-06 18:56:55.300] [DEBUG] Texture resolved from version jar: minecraft:block/lantern
[2026-08-06 18:56:55.273] [WARN] Asset index not found for version '1.21.1' in /storage/emulated/0/FCL/.minecraft/assets/indexes/1.21.1.json
[2026-08-06 18:56:55.308] [DEBUG] Texture resolved from version jar: minecraft:block/cherry_leaves
[2026-08-06 18:56:55.311] [DEBUG] Texture resolved from version jar: minecraft:block/stripped_cherry_log
[2026-08-06 18:56:55.316] [DEBUG] Texture resolved from version jar: minecraft:block/peony_bottom
[2026-08-06 18:56:55.370] [WARN] Asset index not found for version '1.21.1' in /storage/emulated/0/FCL/.minecraft/assets/indexes/1.21.1.json
[2026-08-06 18:56:55.373] [WARN] All texture sources failed for: minecraft:block/cherry_wall_sign
[2026-08-06 18:56:56.137] [WARN] Asset index not found for version '1.21.1' in /storage/emulated/0/FCL/.minecraft/assets/indexes/1.21.1.json
[2026-08-06 18:56:56.138] [WARN] Asset index not found for version '1.21.1' in /storage/emulated/0/FCL/.minecraft/assets/indexes/1.21.1.json
[2026-08-06 18:56:56.138] [WARN] Asset index not found for version '1.21.1' in /storage/emulated/0/FCL/.minecraft/assets/indexes/1.21.1.json
[2026-08-06 18:56:56.138] [WARN] Asset index not found for version '1.21.1' in /storage/emulated/0/FCL/.minecraft/assets/indexes/1.21.1.json
[2026-08-06 18:56:56.140] [WARN] Asset index not found for version '1.21.1' in /storage/emulated/0/FCL/.minecraft/assets/indexes/1.21.1.json
[2026-08-06 18:56:56.142] [WARN] Asset index not found for version '1.21.1' in /storage/emulated/0/FCL/.minecraft/assets/indexes/1.21.1.json
[2026-08-06 18:56:56.143] [WARN] Asset index not found for version '1.21.1' in /storage/emulated/0/FCL/.minecraft/assets/indexes/1.21.1.json
[2026-08-06 18:56:56.143] [WARN] Asset index not found for version '1.21.1' in /storage/emulated/0/FCL/.minecraft/assets/indexes/1.21.1.json
[2026-08-06 18:56:56.145] [WARN] Asset index not found for version '1.21.1' in /storage/emulated/0/FCL/.minecraft/assets/indexes/1.21.1.json
[2026-08-06 18:56:56.146] [WARN] Asset index not found for version '1.21.1' in /storage/emulated/0/FCL/.minecraft/assets/indexes/1.21.1.json
[2026-08-06 18:56:56.146] [WARN] Asset index not found for version '1.21.1' in /storage/emulated/0/FCL/.minecraft/assets/indexes/1.21.1.json
[2026-08-06 18:56:56.147] [ERROR] Texture unavailable for 'minecraft:block/cherry_wall_sign' — local assets, mods and network all failed
[2026-08-06 18:56:56.147] [WARN] Asset index not found for version '1.21.1' in /storage/emulated/0/FCL/.minecraft/assets/indexes/1.21.1.json
[2026-08-06 18:56:56.147] [WARN] Asset index not found for version '1.21.1' in /storage/emulated/0/FCL/.minecraft/assets/indexes/1.21.1.json
[2026-08-06 18:56:56.148] [WARN] Asset index not found for version '1.21.1' in /storage/emulated/0/FCL/.minecraft/assets/indexes/1.21.1.json
[2026-08-06 18:56:56.150] [WARN] Asset index not found for version '1.21.1' in /storage/emulated/0/FCL/.minecraft/assets/indexes/1.21.1.json
[2026-08-06 18:56:56.152] [WARN] Asset index not found for version '1.21.1' in /storage/emulated/0/FCL/.minecraft/assets/indexes/1.21.1.json
[2026-08-06 18:56:56.154] [WARN] Asset index not found for version '1.21.1' in /storage/emulated/0/FCL/.minecraft/assets/indexes/1.21.1.json
[2026-08-06 18:56:56.155] [WARN] Asset index not found for version '1.21.1' in /storage/emulated/0/FCL/.minecraft/assets/indexes/1.21.1.json
[2026-08-06 18:56:56.156] [WARN] Asset index not found for version '1.21.1' in /storage/emulated/0/FCL/.minecraft/assets/indexes/1.21.1.json
[2026-08-06 18:56:56.156] [DEBUG] Texture resolved from version jar: minecraft:block/cherry_trapdoor
[2026-08-06 18:56:56.157] [WARN] Asset index not found for version '1.21.1' in /storage/emulated/0/FCL/.minecraft/assets/indexes/1.21.1.json
[2026-08-06 18:56:56.159] [WARN] Asset index not found for version '1.21.1' in /storage/emulated/0/FCL/.minecraft/assets/indexes/1.21.1.json
[2026-08-06 18:56:56.160] [WARN] Asset index not found for version '1.21.1' in /storage/emulated/0/FCL/.minecraft/assets/indexes/1.21.1.json
[2026-08-06 18:56:56.160] [DEBUG] Texture resolved from version jar: minecraft:block/peony_top
[2026-08-06 18:56:56.161] [WARN] Asset index not found for version '1.21.1' in /storage/emulated/0/FCL/.minecraft/assets/indexes/1.21.1.json
[2026-08-06 18:56:56.161] [WARN] Asset index not found for version '1.21.1' in /storage/emulated/0/FCL/.minecraft/assets/indexes/1.21.1.json
[2026-08-06 18:56:56.163] [WARN] Asset index not found for version '1.21.1' in /storage/emulated/0/FCL/.minecraft/assets/indexes/1.21.1.json
[2026-08-06 18:56:56.163] [WARN] Asset index not found for version '1.21.1' in /storage/emulated/0/FCL/.minecraft/assets/indexes/1.21.1.json
[2026-08-06 18:56:56.163] [DEBUG] Texture resolved from version jar: minecraft:block/peony_bottom
[2026-08-06 18:56:56.165] [WARN] Asset index not found for version '1.21.1' in /storage/emulated/0/FCL/.minecraft/assets/indexes/1.21.1.json
[2026-08-06 18:56:56.165] [WARN] Asset index not found for version '1.21.1' in /storage/emulated/0/FCL/.minecraft/assets/indexes/1.21.1.json
[2026-08-06 18:56:56.166] [WARN] Asset index not found for version '1.21.1' in /storage/emulated/0/FCL/.minecraft/assets/indexes/1.21.1.json
[2026-08-06 18:56:56.166] [WARN] Asset index not found for version '1.21.1' in /storage/emulated/0/FCL/.minecraft/assets/indexes/1.21.1.json
[2026-08-06 18:56:56.167] [WARN] Asset index not found for version '1.21.1' in /storage/emulated/0/FCL/.minecraft/assets/indexes/1.21.1.json
[2026-08-06 18:56:56.168] [WARN] Asset index not found for version '1.21.1' in /storage/emulated/0/FCL/.minecraft/assets/indexes/1.21.1.json
[2026-08-06 18:56:56.168] [WARN] Asset index not found for version '1.21.1' in /storage/emulated/0/FCL/.minecraft/assets/indexes/1.21.1.json
[2026-08-06 18:56:56.170] [WARN] Asset index not found for version '1.21.1' in /storage/emulated/0/FCL/.minecraft/assets/indexes/1.21.1.json
[2026-08-06 18:56:56.171] [DEBUG] Texture resolved from version jar: minecraft:block/cherry_leaves
[2026-08-06 18:56:56.171] [WARN] Asset index not found for version '1.21.1' in /storage/emulated/0/FCL/.minecraft/assets/indexes/1.21.1.json
[2026-08-06 18:56:56.171] [WARN] Asset index not found for version '1.21.1' in /storage/emulated/0/FCL/.minecraft/assets/indexes/1.21.1.json
[2026-08-06 18:56:56.172] [WARN] Asset index not found for version '1.21.1' in /storage/emulated/0/FCL/.minecraft/assets/indexes/1.21.1.json
[2026-08-06 18:56:56.172] [WARN] Asset index not found for version '1.21.1' in /storage/emulated/0/FCL/.minecraft/assets/indexes/1.21.1.json
[2026-08-06 18:56:56.173] [WARN] Asset index not found for version '1.21.1' in /storage/emulated/0/FCL/.minecraft/assets/indexes/1.21.1.json
[2026-08-06 18:56:56.174] [WARN] Asset index not found for version '1.21.1' in /storage/emulated/0/FCL/.minecraft/assets/indexes/1.21.1.json
[2026-08-06 18:56:56.174] [WARN] Asset index not found for version '1.21.1' in /storage/emulated/0/FCL/.minecraft/assets/indexes/1.21.1.json
[2026-08-06 18:56:56.175] [WARN] Asset index not found for version '1.21.1' in /storage/emulated/0/FCL/.minecraft/assets/indexes/1.21.1.json
[2026-08-06 18:56:56.175] [WARN] Asset index not found for version '1.21.1' in /storage/emulated/0/FCL/.minecraft/assets/indexes/1.21.1.json
[2026-08-06 18:56:56.176] [WARN] Asset index not found for version '1.21.1' in /storage/emulated/0/FCL/.minecraft/assets/indexes/1.21.1.json
[2026-08-06 18:56:56.176] [WARN] Asset index not found for version '1.21.1' in /storage/emulated/0/FCL/.minecraft/assets/indexes/1.21.1.json
[2026-08-06 18:56:56.177] [WARN] Asset index not found for version '1.21.1' in /storage/emulated/0/FCL/.minecraft/assets/indexes/1.21.1.json
[2026-08-06 18:56:56.177] [DEBUG] Texture resolved from version jar: minecraft:block/chiseled_stone_bricks
[2026-08-06 18:56:56.178] [DEBUG] Texture resolved from version jar: minecraft:block/cherry_planks
[2026-08-06 18:56:56.179] [DEBUG] Texture resolved from version jar: minecraft:block/stone_bricks
[2026-08-06 18:56:56.179] [DEBUG] Texture resolved from version jar: minecraft:block/glass_pane_top
[2026-08-06 18:56:56.180] [DEBUG] Texture resolved from version jar: minecraft:block/glass
[2026-08-06 18:56:56.180] [WARN] Asset index not found for version '1.21.1' in /storage/emulated/0/FCL/.minecraft/assets/indexes/1.21.1.json
[2026-08-06 18:56:56.180] [DEBUG] Texture resolved from version jar: minecraft:block/stripped_cherry_log_top
[2026-08-06 18:56:56.181] [DEBUG] Texture resolved from version jar: minecraft:block/lantern
[2026-08-06 18:56:56.181] [DEBUG] Texture resolved from version jar: minecraft:block/stripped_cherry_log
[2026-08-06 18:56:56.182] [DEBUG] Texture resolved from version jar: minecraft:block/anvil
[2026-08-06 18:56:56.183] [DEBUG] Texture resolved from version jar: minecraft:block/anvil_top
[2026-08-06 18:56:56.184] [DEBUG] Texture resolved from version jar: minecraft:block/red_wool
[2026-08-06 18:56:56.184] [DEBUG] Texture resolved from version jar: minecraft:block/smoker_bottom
[2026-08-06 18:56:56.185] [DEBUG] Texture resolved from version jar: minecraft:block/enchanting_table_bottom
[2026-08-06 18:56:56.185] [DEBUG] Texture resolved from version jar: minecraft:block/furnace_top
[2026-08-06 18:56:56.185] [DEBUG] Texture resolved from version jar: minecraft:block/bookshelf
[2026-08-06 18:56:56.186] [DEBUG] Texture resolved from version jar: minecraft:block/enchanting_table_top
[2026-08-06 18:56:56.186] [DEBUG] Texture resolved from version jar: minecraft:block/furnace_front
[2026-08-06 18:56:56.187] [DEBUG] Texture resolved from version jar: minecraft:block/enchanting_table_side
[2026-08-06 18:56:56.187] [DEBUG] Texture resolved from version jar: minecraft:block/blast_furnace_top
[2026-08-06 18:56:56.188] [DEBUG] Texture resolved from version jar: minecraft:block/crafting_table_side
[2026-08-06 18:56:56.188] [DEBUG] Texture resolved from version jar: minecraft:block/loom_bottom
[2026-08-06 18:56:56.189] [DEBUG] Texture resolved from version jar: minecraft:block/brewing_stand
[2026-08-06 18:56:56.190] [DEBUG] Texture resolved from version jar: minecraft:block/loom_top
[2026-08-06 18:56:56.191] [DEBUG] Texture resolved from version jar: minecraft:block/smoker_side
[2026-08-06 18:56:56.191] [DEBUG] Texture resolved from version jar: minecraft:block/brewing_stand_base
[2026-08-06 18:56:56.192] [DEBUG] Texture resolved from version jar: minecraft:block/barrel_side
[2026-08-06 18:56:56.193] [DEBUG] Texture resolved from version jar: minecraft:block/barrel_bottom
[2026-08-06 18:56:56.193] [DEBUG] Texture resolved from version jar: minecraft:block/cherry_door_top
[2026-08-06 18:56:56.194] [DEBUG] Texture resolved from version jar: minecraft:block/cartography_table_side1
[2026-08-06 18:56:56.194] [DEBUG] Texture resolved from version jar: minecraft:block/barrel_top
[2026-08-06 18:56:56.195] [DEBUG] Texture resolved from version jar: minecraft:block/cherry_door_bottom
[2026-08-06 18:56:56.195] [DEBUG] Texture resolved from version jar: minecraft:block/dark_oak_planks
[2026-08-06 18:56:56.195] [DEBUG] Texture resolved from version jar: minecraft:block/jukebox_side
[2026-08-06 18:56:56.197] [DEBUG] Texture resolved from version jar: minecraft:block/scaffolding_top
[2026-08-06 18:56:56.197] [DEBUG] Texture resolved from version jar: minecraft:block/cartography_table_side2
[2026-08-06 18:56:56.198] [DEBUG] Texture resolved from version jar: minecraft:block/scaffolding_side
[2026-08-06 18:56:56.199] [DEBUG] Texture resolved from version jar: minecraft:block/scaffolding_bottom
[2026-08-06 18:56:56.198] [DEBUG] Texture resolved from version jar: minecraft:block/cartography_table_side3
[2026-08-06 18:56:56.199] [DEBUG] Texture resolved from version jar: minecraft:block/flower_pot
[2026-08-06 18:56:56.200] [DEBUG] Texture resolved from version jar: minecraft:block/jukebox_top
[2026-08-06 18:56:56.200] [DEBUG] Texture resolved from version jar: minecraft:block/furnace_side
[2026-08-06 18:56:56.208] [WARN] Asset index not found for version '1.21.1' in /storage/emulated/0/FCL/.minecraft/assets/indexes/1.21.1.json
[2026-08-06 18:56:56.209] [WARN] All texture sources failed for: minecraft:block/maid_bed
[2026-08-06 18:56:56.209] [WARN] Asset index not found for version '1.21.1' in /storage/emulated/0/FCL/.minecraft/assets/indexes/1.21.1.json
[2026-08-06 18:56:56.210] [WARN] All texture sources failed for: minecraft:block/cherry_wall_sign
[2026-08-06 18:56:56.233] [ERROR] Texture unavailable for 'minecraft:block/cherry_wall_sign' — local assets, mods and network all failed
[2026-08-06 18:56:56.237] [ERROR] Texture unavailable for 'minecraft:block/maid_bed' — local assets, mods and network all failed
[2026-08-06 18:56:56.955] [WARN] Asset index not found for version '1.21.1' in /storage/emulated/0/FCL/.minecraft/assets/indexes/1.21.1.json
[2026-08-06 18:56:56.957] [WARN] Asset index not found for version '1.21.1' in /storage/emulated/0/FCL/.minecraft/assets/indexes/1.21.1.json
[2026-08-06 18:56:56.969] [WARN] Asset index not found for version '1.21.1' in /storage/emulated/0/FCL/.minecraft/assets/indexes/1.21.1.json
[2026-08-06 18:56:56.975] [WARN] All texture sources failed for: minecraft:block/cherry_wall_sign
[2026-08-06 18:56:56.979] [WARN] Asset index not found for version '1.21.1' in /storage/emulated/0/FCL/.minecraft/assets/indexes/1.21.1.json
[2026-08-06 18:56:56.980] [WARN] All texture sources failed for: minecraft:block/altar
[2026-08-06 18:56:57.252] [ERROR] Texture unavailable for 'minecraft:block/cherry_wall_sign' — local assets, mods and network all failed
[2026-08-06 18:56:57.254] [ERROR] Texture unavailable for 'minecraft:block/altar' — local assets, mods and network all failed
[2026-08-06 18:56:57.438] [WARN] Asset index not found for version '1.21.1' in /storage/emulated/0/FCL/.minecraft/assets/indexes/1.21.1.json
[2026-08-06 18:56:57.438] [WARN] Asset index not found for version '1.21.1' in /storage/emulated/0/FCL/.minecraft/assets/indexes/1.21.1.json
[2026-08-06 18:56:57.442] [DEBUG] Texture resolved from version jar: minecraft:block/campfire_log
[2026-08-06 18:56:57.453] [WARN] Asset index not found for version '1.21.1' in /storage/emulated/0/FCL/.minecraft/assets/indexes/1.21.1.json
[2026-08-06 18:56:57.454] [WARN] All texture sources failed for: minecraft:block/waystone
[2026-08-06 18:56:57.441] [WARN] Asset index not found for version '1.21.1' in /storage/emulated/0/FCL/.minecraft/assets/indexes/1.21.1.json
[2026-08-06 18:56:57.474] [WARN] Asset index not found for version '1.21.1' in /storage/emulated/0/FCL/.minecraft/assets/indexes/1.21.1.json
[2026-08-06 18:56:57.475] [WARN] All texture sources failed for: minecraft:block/cherry_wall_sign
[2026-08-06 18:56:57.713] [ERROR] Texture unavailable for 'minecraft:block/cherry_wall_sign' — local assets, mods and network all failed
[2026-08-06 18:56:57.714] [ERROR] Texture unavailable for 'minecraft:block/waystone' — local assets, mods and network all failed
[2026-08-06 18:57:02.651] [DEBUG] PlayerMode onDispose: tearing down GL view
[2026-08-06 18:57:02.654] [DEBUG] PlayerMode onDispose: done
[2026-08-06 18:57:03.014] [INFO] Validating world at: /storage/emulated/0/FCL/.minecraft/versions/1.21.1-NeoForge/saves/OTFiles (1)
[2026-08-06 18:57:03.015] [INFO] World validated successfully: /storage/emulated/0/FCL/.minecraft/versions/1.21.1-NeoForge/saves/OTFiles (1)
[2026-08-06 18:57:03.867] [INFO] Reading level.dat from /storage/emulated/0/FCL/.minecraft/versions/1.21.1-NeoForge/saves/OTFiles (1)
[2026-08-06 18:57:03.867] [DEBUG] Direct file access: /storage/emulated/0/FCL/.minecraft/versions/1.21.1-NeoForge/saves/OTFiles (1)/level.dat
[2026-08-06 18:57:03.902] [WARN] Cannot open pfd: region/r.-1.-1.mca
[2026-08-06 18:57:03.904] [DEBUG] Opened region: r.-1.-1.mca
[2026-08-06 18:57:03.906] [WARN] Cannot open pfd: region/r.-1.0.mca
[2026-08-06 18:57:03.907] [DEBUG] Opened region: r.-1.0.mca
[2026-08-06 18:57:03.956] [INFO] Player last position: (156.6317779966412, -224.16276358322781)
[2026-08-06 18:57:03.957] [INFO] World loaded: OTFiles的世界 (v1.21.1, dataVer=3955, seed=4071481248245368930)
[2026-08-06 18:57:03.958] [INFO] Player spawn: player pos (156.63177, -224.16277) y=140.7465223626278
[2026-08-06 18:57:03.959] [DEBUG] Found .minecraft at: /storage/emulated/0/FCL/.minecraft
[2026-08-06 18:57:03.961] [DEBUG] TextureResolver initialized. MC dir: /storage/emulated/0/FCL/.minecraft, Mods dir: /storage/emulated/0/FCL/.minecraft/mods
[2026-08-06 18:57:03.968] [DEBUG] ModelLoader: opened /storage/emulated/0/FCL/.minecraft/versions/1.21.1-NeoForge/1.21.1-NeoForge.jar
[2026-08-06 18:57:04.066] [DEBUG] mesh(-6,1): surface=256/256 verts=3558 trans=9906 paths=11
[2026-08-06 18:57:04.083] [WARN] Asset index not found for version '1.21.1' in /storage/emulated/0/FCL/.minecraft/assets/indexes/1.21.1.json
[2026-08-06 18:57:04.085] [DEBUG] Opened version jar for textures: /storage/emulated/0/FCL/.minecraft/versions/1.21.1-NeoForge/1.21.1-NeoForge.jar
[2026-08-06 18:57:04.085] [WARN] Asset index not found for version '1.21.1' in /storage/emulated/0/FCL/.minecraft/assets/indexes/1.21.1.json
[2026-08-06 18:57:04.087] [DEBUG] Texture resolved from version jar: minecraft:block/oak_leaves
[2026-08-06 18:57:04.087] [WARN] Asset index not found for version '1.21.1' in /storage/emulated/0/FCL/.minecraft/assets/indexes/1.21.1.json
[2026-08-06 18:57:04.090] [DEBUG] ensureChunksAround: dropping 1 chunks (cx=9,cz=-14, cam=157.13177,-223.66277)
[2026-08-06 18:57:04.089] [WARN] Asset index not found for version '1.21.1' in /storage/emulated/0/FCL/.minecraft/assets/indexes/1.21.1.json
[2026-08-06 18:57:04.088] [WARN] Asset index not found for version '1.21.1' in /storage/emulated/0/FCL/.minecraft/assets/indexes/1.21.1.json
[2026-08-06 18:57:04.091] [WARN] Asset index not found for version '1.21.1' in /storage/emulated/0/FCL/.minecraft/assets/indexes/1.21.1.json
[2026-08-06 18:57:04.092] [WARN] Asset index not found for version '1.21.1' in /storage/emulated/0/FCL/.minecraft/assets/indexes/1.21.1.json
[2026-08-06 18:57:04.093] [WARN] Asset index not found for version '1.21.1' in /storage/emulated/0/FCL/.minecraft/assets/indexes/1.21.1.json
[2026-08-06 18:57:04.093] [WARN] Asset index not found for version '1.21.1' in /storage/emulated/0/FCL/.minecraft/assets/indexes/1.21.1.json
[2026-08-06 18:57:04.093] [WARN] Asset index not found for version '1.21.1' in /storage/emulated/0/FCL/.minecraft/assets/indexes/1.21.1.json
[2026-08-06 18:57:04.096] [DEBUG] Texture resolved from version jar: minecraft:block/oak_log
[2026-08-06 18:57:04.095] [DEBUG] Texture resolved from version jar: minecraft:block/dirt
[2026-08-06 18:57:04.095] [DEBUG] Texture resolved from version jar: minecraft:block/grass_block_top
[2026-08-06 18:57:04.098] [DEBUG] Texture resolved from version jar: minecraft:block/oak_log_top
[2026-08-06 18:57:04.098] [DEBUG] Texture resolved from version jar: minecraft:block/birch_leaves
[2026-08-06 18:57:04.099] [DEBUG] Texture resolved from version jar: minecraft:block/grass_block_side
[2026-08-06 18:57:04.097] [DEBUG] Texture resolved from version jar: minecraft:block/birch_log
[2026-08-06 18:57:04.099] [DEBUG] Texture resolved from version jar: minecraft:block/birch_log_top
[2026-08-06 18:57:04.096] [DEBUG] Texture resolved from version jar: minecraft:block/short_grass
[2026-08-06 18:57:04.095] [WARN] Asset index not found for version '1.21.1' in /storage/emulated/0/FCL/.minecraft/assets/indexes/1.21.1.json
[2026-08-06 18:57:04.101] [DEBUG] Texture resolved from version jar: minecraft:block/stone
[2026-08-06 18:57:04.197] [DEBUG] mesh(-6,-3): surface=256/256 verts=3630 trans=17478 paths=9
[2026-08-06 18:57:04.220] [WARN] Asset index not found for version '1.21.1' in /storage/emulated/0/FCL/.minecraft/assets/indexes/1.21.1.json
[2026-08-06 18:57:04.221] [WARN] Asset index not found for version '1.21.1' in /storage/emulated/0/FCL/.minecraft/assets/indexes/1.21.1.json
[2026-08-06 18:57:04.220] [WARN] Asset index not found for version '1.21.1' in /storage/emulated/0/FCL/.minecraft/assets/indexes/1.21.1.json
[2026-08-06 18:57:04.221] [WARN] Asset index not found for version '1.21.1' in /storage/emulated/0/FCL/.minecraft/assets/indexes/1.21.1.json
[2026-08-06 18:57:04.222] [WARN] Asset index not found for version '1.21.1' in /storage/emulated/0/FCL/.minecraft/assets/indexes/1.21.1.json
[2026-08-06 18:57:04.222] [WARN] Asset index not found for version '1.21.1' in /storage/emulated/0/FCL/.minecraft/assets/indexes/1.21.1.json
[2026-08-06 18:57:04.223] [WARN] Asset index not found for version '1.21.1' in /storage/emulated/0/FCL/.minecraft/assets/indexes/1.21.1.json
[2026-08-06 18:57:04.223] [WARN] Asset index not found for version '1.21.1' in /storage/emulated/0/FCL/.minecraft/assets/indexes/1.21.1.json
[2026-08-06 18:57:04.223] [WARN] Asset index not found for version '1.21.1' in /storage/emulated/0/FCL/.minecraft/assets/indexes/1.21.1.json
[2026-08-06 18:57:04.225] [DEBUG] Texture resolved from version jar: minecraft:block/grass_block_side
[2026-08-06 18:57:04.225] [DEBUG] Texture resolved from version jar: minecraft:block/grass_block_top
[2026-08-06 18:57:04.226] [DEBUG] Texture resolved from version jar: minecraft:block/oak_log
[2026-08-06 18:57:04.226] [DEBUG] Texture resolved from version jar: minecraft:block/oak_leaves
[2026-08-06 18:57:04.227] [DEBUG] Texture resolved from version jar: minecraft:block/dirt
[2026-08-06 18:57:04.227] [DEBUG] Texture resolved from version jar: minecraft:block/birch_leaves
[2026-08-06 18:57:04.228] [DEBUG] Texture resolved from version jar: minecraft:block/stone
[2026-08-06 18:57:04.228] [DEBUG] Texture resolved from version jar: minecraft:block/oak_log_top
[2026-08-06 18:57:04.229] [DEBUG] Texture resolved from version jar: minecraft:block/short_grass
[2026-08-06 18:57:04.236] [DEBUG] ensureChunksAround: dropping 1 chunks (cx=9,cz=-14, cam=157.13177,-223.66277)
[2026-08-06 18:57:04.305] [DEBUG] mesh(-6,3): surface=256/256 verts=4236 trans=13146 paths=14
[2026-08-06 18:57:04.324] [WARN] Asset index not found for version '1.21.1' in /storage/emulated/0/FCL/.minecraft/assets/indexes/1.21.1.json
[2026-08-06 18:57:04.325] [WARN] Asset index not found for version '1.21.1' in /storage/emulated/0/FCL/.minecraft/assets/indexes/1.21.1.json
[2026-08-06 18:57:04.325] [WARN] Asset index not found for version '1.21.1' in /storage/emulated/0/FCL/.minecraft/assets/indexes/1.21.1.json
[2026-08-06 18:57:04.325] [WARN] Asset index not found for version '1.21.1' in /storage/emulated/0/FCL/.minecraft/assets/indexes/1.21.1.json
[2026-08-06 18:57:04.326] [WARN] Asset index not found for version '1.21.1' in /storage/emulated/0/FCL/.minecraft/assets/indexes/1.21.1.json
[2026-08-06 18:57:04.326] [WARN] Asset index not found for version '1.21.1' in /storage/emulated/0/FCL/.minecraft/assets/indexes/1.21.1.json
[2026-08-06 18:57:04.327] [WARN] Asset index not found for version '1.21.1' in /storage/emulated/0/FCL/.minecraft/assets/indexes/1.21.1.json
[2026-08-06 18:57:04.327] [WARN] Asset index not found for version '1.21.1' in /storage/emulated/0/FCL/.minecraft/assets/indexes/1.21.1.json
[2026-08-06 18:57:04.328] [WARN] Asset index not found for version '1.21.1' in /storage/emulated/0/FCL/.minecraft/assets/indexes/1.21.1.json
[2026-08-06 18:57:04.328] [WARN] Asset index not found for version '1.21.1' in /storage/emulated/0/FCL/.minecraft/assets/indexes/1.21.1.json
[2026-08-06 18:57:04.328] [WARN] Asset index not found for version '1.21.1' in /storage/emulated/0/FCL/.minecraft/assets/indexes/1.21.1.json
[2026-08-06 18:57:04.329] [WARN] Asset index not found for version '1.21.1' in /storage/emulated/0/FCL/.minecraft/assets/indexes/1.21.1.json
[2026-08-06 18:57:04.329] [WARN] Asset index not found for version '1.21.1' in /storage/emulated/0/FCL/.minecraft/assets/indexes/1.21.1.json
[2026-08-06 18:57:04.330] [WARN] Asset index not found for version '1.21.1' in /storage/emulated/0/FCL/.minecraft/assets/indexes/1.21.1.json
[2026-08-06 18:57:04.331] [DEBUG] Texture resolved from version jar: minecraft:block/oak_leaves
[2026-08-06 18:57:04.331] [DEBUG] Texture resolved from version jar: minecraft:block/oak_log_top
[2026-08-06 18:57:04.331] [DEBUG] Texture resolved from version jar: minecraft:block/oak_log
[2026-08-06 18:57:04.332] [DEBUG] Texture resolved from version jar: minecraft:block/grass_block_top
[2026-08-06 18:57:04.332] [DEBUG] Texture resolved from version jar: minecraft:block/dirt
[2026-08-06 18:57:04.333] [DEBUG] Texture resolved from version jar: minecraft:block/birch_log_top
[2026-08-06 18:57:04.333] [DEBUG] Texture resolved from version jar: minecraft:block/grass_block_side
[2026-08-06 18:57:04.334] [DEBUG] Texture resolved from version jar: minecraft:block/short_grass
[2026-08-06 18:57:04.334] [DEBUG] Texture resolved from version jar: minecraft:block/birch_leaves
[2026-08-06 18:57:04.334] [DEBUG] ensureChunksAround: dropping 1 chunks (cx=9,cz=-14, cam=157.13177,-223.66277)
[2026-08-06 18:57:04.334] [DEBUG] Texture resolved from version jar: minecraft:block/birch_log
[2026-08-06 18:57:04.336] [DEBUG] Texture resolved from version jar: minecraft:block/coal_ore
[2026-08-06 18:57:04.336] [DEBUG] Texture resolved from version jar: minecraft:block/lilac_bottom
[2026-08-06 18:57:04.336] [DEBUG] Texture resolved from version jar: minecraft:block/stone
[2026-08-06 18:57:04.337] [DEBUG] Texture resolved from version jar: minecraft:block/lilac_top
[2026-08-06 18:57:04.428] [DEBUG] mesh(-6,2): surface=256/256 verts=7596 trans=8142 paths=16
[2026-08-06 18:57:04.448] [WARN] Asset index not found for version '1.21.1' in /storage/emulated/0/FCL/.minecraft/assets/indexes/1.21.1.json
[2026-08-06 18:57:04.452] [WARN] Asset index not found for version '1.21.1' in /storage/emulated/0/FCL/.minecraft/assets/indexes/1.21.1.json
[2026-08-06 18:57:04.452] [WARN] Asset index not found for version '1.21.1' in /storage/emulated/0/FCL/.minecraft/assets/indexes/1.21.1.json
[2026-08-06 18:57:04.455] [WARN] Asset index not found for version '1.21.1' in /storage/emulated/0/FCL/.minecraft/assets/indexes/1.21.1.json
[2026-08-06 18:57:04.456] [WARN] Asset index not found for version '1.21.1' in /storage/emulated/0/FCL/.minecraft/assets/indexes/1.21.1.json
[2026-08-06 18:57:04.456] [WARN] Asset index not found for version '1.21.1' in /storage/emulated/0/FCL/.minecraft/assets/indexes/1.21.1.json
[2026-08-06 18:57:04.456] [DEBUG] Texture resolved from version jar: minecraft:block/birch_leaves
[2026-08-06 18:57:04.457] [WARN] Asset index not found for version '1.21.1' in /storage/emulated/0/FCL/.minecraft/assets/indexes/1.21.1.json
[2026-08-06 18:57:04.457] [WARN] Asset index not found for version '1.21.1' in /storage/emulated/0/FCL/.minecraft/assets/indexes/1.21.1.json
[2026-08-06 18:57:04.461] [WARN] Asset index not found for version '1.21.1' in /storage/emulated/0/FCL/.minecraft/assets/indexes/1.21.1.json
[2026-08-06 18:57:04.461] [DEBUG] ensureChunksAround: dropping 1 chunks (cx=9,cz=-14, cam=157.13177,-223.66277)
[2026-08-06 18:57:04.462] [WARN] Asset index not found for version '1.21.1' in /storage/emulated/0/FCL/.minecraft/assets/indexes/1.21.1.json
[2026-08-06 18:57:04.462] [WARN] Asset index not found for version '1.21.1' in /storage/emulated/0/FCL/.minecraft/assets/indexes/1.21.1.json
[2026-08-06 18:57:04.464] [WARN] Asset index not found for version '1.21.1' in /storage/emulated/0/FCL/.minecraft/assets/indexes/1.21.1.json
[2026-08-06 18:57:04.465] [WARN] Asset index not found for version '1.21.1' in /storage/emulated/0/FCL/.minecraft/assets/indexes/1.21.1.json
[2026-08-06 18:57:04.464] [WARN] Asset index not found for version '1.21.1' in /storage/emulated/0/FCL/.minecraft/assets/indexes/1.21.1.json
[2026-08-06 18:57:04.466] [WARN] Asset index not found for version '1.21.1' in /storage/emulated/0/FCL/.minecraft/assets/indexes/1.21.1.json
[2026-08-06 18:57:04.467] [WARN] Asset index not found for version '1.21.1' in /storage/emulated/0/FCL/.minecraft/assets/indexes/1.21.1.json
[2026-08-06 18:57:04.469] [DEBUG] Texture resolved from version jar: minecraft:block/grass_block_side
[2026-08-06 18:57:04.468] [DEBUG] Texture resolved from version jar: minecraft:block/grass_block_top
[2026-08-06 18:57:04.470] [DEBUG] Texture resolved from version jar: minecraft:block/birch_log_top
[2026-08-06 18:57:04.470] [DEBUG] Texture resolved from version jar: minecraft:block/birch_log
[2026-08-06 18:57:04.470] [DEBUG] Texture resolved from version jar: minecraft:block/dirt
[2026-08-06 18:57:04.472] [DEBUG] Texture resolved from version jar: minecraft:block/oak_log
[2026-08-06 18:57:04.472] [DEBUG] Texture resolved from version jar: minecraft:block/copper_ore
[2026-08-06 18:57:04.475] [DEBUG] Texture resolved from version jar: minecraft:block/cobblestone
[2026-08-06 18:57:04.476] [DEBUG] Texture resolved from version jar: minecraft:block/lilac_top
[2026-08-06 18:57:04.477] [DEBUG] Texture resolved from version jar: minecraft:block/lilac_bottom
[2026-08-06 18:57:04.477] [DEBUG] Texture resolved from version jar: minecraft:block/oak_log_top
[2026-08-06 18:57:04.477] [DEBUG] Texture resolved from version jar: minecraft:block/oak_leaves
[2026-08-06 18:57:04.477] [DEBUG] Texture resolved from version jar: minecraft:block/coal_ore
[2026-08-06 18:57:04.478] [DEBUG] Texture resolved from version jar: minecraft:block/short_grass
[2026-08-06 18:57:04.479] [DEBUG] Texture resolved from version jar: minecraft:block/stone
[2026-08-06 18:57:04.533] [DEBUG] mesh(-5,-4): surface=256/256 verts=3750 trans=7416 paths=13
[2026-08-06 18:57:04.547] [WARN] Asset index not found for version '1.21.1' in /storage/emulated/0/FCL/.minecraft/assets/indexes/1.21.1.json
[2026-08-06 18:57:04.547] [WARN] Asset index not found for version '1.21.1' in /storage/emulated/0/FCL/.minecraft/assets/indexes/1.21.1.json
[2026-08-06 18:57:04.547] [WARN] Asset index not found for version '1.21.1' in /storage/emulated/0/FCL/.minecraft/assets/indexes/1.21.1.json
[2026-08-06 18:57:04.548] [WARN] Asset index not found for version '1.21.1' in /storage/emulated/0/FCL/.minecraft/assets/indexes/1.21.1.json
[2026-08-06 18:57:04.548] [WARN] Asset index not found for version '1.21.1' in /storage/emulated/0/FCL/.minecraft/assets/indexes/1.21.1.json
[2026-08-06 18:57:04.549] [WARN] Asset index not found for version '1.21.1' in /storage/emulated/0/FCL/.minecraft/assets/indexes/1.21.1.json
[2026-08-06 18:57:04.549] [DEBUG] ensureChunksAround: dropping 1 chunks (cx=9,cz=-14, cam=157.13177,-223.66277)
[2026-08-06 18:57:04.549] [WARN] Asset index not found for version '1.21.1' in /storage/emulated/0/FCL/.minecraft/assets/indexes/1.21.1.json
[2026-08-06 18:57:04.549] [WARN] Asset index not found for version '1.21.1' in /storage/emulated/0/FCL/.minecraft/assets/indexes/1.21.1.json
[2026-08-06 18:57:04.550] [WARN] Asset index not found for version '1.21.1' in /storage/emulated/0/FCL/.minecraft/assets/indexes/1.21.1.json
[2026-08-06 18:57:04.550] [WARN] Asset index not found for version '1.21.1' in /storage/emulated/0/FCL/.minecraft/assets/indexes/1.21.1.json
[2026-08-06 18:57:04.550] [WARN] Asset index not found for version '1.21.1' in /storage/emulated/0/FCL/.minecraft/assets/indexes/1.21.1.json
[2026-08-06 18:57:04.550] [WARN] Asset index not found for version '1.21.1' in /storage/emulated/0/FCL/.minecraft/assets/indexes/1.21.1.json
[2026-08-06 18:57:04.551] [WARN] Asset index not found for version '1.21.1' in /storage/emulated/0/FCL/.minecraft/assets/indexes/1.21.1.json
[2026-08-06 18:57:04.552] [DEBUG] Texture resolved from version jar: minecraft:block/grass_block_side
[2026-08-06 18:57:04.552] [DEBUG] Texture resolved from version jar: minecraft:block/grass_block_top
[2026-08-06 18:57:04.552] [DEBUG] Texture resolved from version jar: minecraft:block/dirt
[2026-08-06 18:57:04.553] [DEBUG] Texture resolved from version jar: minecraft:block/birch_leaves
[2026-08-06 18:57:04.554] [DEBUG] Texture resolved from version jar: minecraft:block/stone
[2026-08-06 18:57:04.554] [DEBUG] Texture resolved from version jar: minecraft:block/birch_log
[2026-08-06 18:57:04.554] [DEBUG] Texture resolved from version jar: minecraft:block/oak_leaves
[2026-08-06 18:57:04.556] [DEBUG] Texture resolved from version jar: minecraft:block/oak_log_top
[2026-08-06 18:57:04.556] [DEBUG] Texture resolved from version jar: minecraft:block/water_still
[2026-08-06 18:57:04.556] [DEBUG] Texture resolved from version jar: minecraft:block/gravel
[2026-08-06 18:57:04.557] [DEBUG] Texture resolved from version jar: minecraft:block/oak_log
[2026-08-06 18:57:04.557] [DEBUG] Texture resolved from version jar: minecraft:block/short_grass
[2026-08-06 18:57:04.558] [DEBUG] Texture resolved from version jar: minecraft:block/birch_log_top
[2026-08-06 18:57:04.621] [DEBUG] mesh(-6,-1): surface=256/256 verts=3006 trans=13842 paths=8
[2026-08-06 18:57:04.641] [WARN] Asset index not found for version '1.21.1' in /storage/emulated/0/FCL/.minecraft/assets/indexes/1.21.1.json
[2026-08-06 18:57:04.641] [WARN] Asset index not found for version '1.21.1' in /storage/emulated/0/FCL/.minecraft/assets/indexes/1.21.1.json
[2026-08-06 18:57:04.642] [WARN] Asset index not found for version '1.21.1' in /storage/emulated/0/FCL/.minecraft/assets/indexes/1.21.1.json
[2026-08-06 18:57:04.642] [WARN] Asset index not found for version '1.21.1' in /storage/emulated/0/FCL/.minecraft/assets/indexes/1.21.1.json
[2026-08-06 18:57:04.643] [WARN] Asset index not found for version '1.21.1' in /storage/emulated/0/FCL/.minecraft/assets/indexes/1.21.1.json
[2026-08-06 18:57:04.643] [WARN] Asset index not found for version '1.21.1' in /storage/emulated/0/FCL/.minecraft/assets/indexes/1.21.1.json
[2026-08-06 18:57:04.644] [WARN] Asset index not found for version '1.21.1' in /storage/emulated/0/FCL/.minecraft/assets/indexes/1.21.1.json
[2026-08-06 18:57:04.644] [WARN] Asset index not found for version '1.21.1' in /storage/emulated/0/FCL/.minecraft/assets/indexes/1.21.1.json
[2026-08-06 18:57:04.645] [DEBUG] Texture resolved from version jar: minecraft:block/grass_block_side
[2026-08-06 18:57:04.646] [DEBUG] Texture resolved from version jar: minecraft:block/dirt
[2026-08-06 18:57:04.646] [DEBUG] Texture resolved from version jar: minecraft:block/grass_block_top
[2026-08-06 18:57:04.647] [DEBUG] Texture resolved from version jar: minecraft:block/oak_log_top
[2026-08-06 18:57:04.648] [DEBUG] Texture resolved from version jar: minecraft:block/oak_log
[2026-08-06 18:57:04.648] [DEBUG] Texture resolved from version jar: minecraft:block/oak_leaves
[2026-08-06 18:57:04.648] [DEBUG] Texture resolved from version jar: minecraft:block/stone
[2026-08-06 18:57:04.649] [DEBUG] ensureChunksAround: dropping 1 chunks (cx=9,cz=-14, cam=157.13177,-223.66277)
[2026-08-06 18:57:04.649] [DEBUG] Texture resolved from version jar: minecraft:block/short_grass
[2026-08-06 18:57:04.744] [DEBUG] mesh(-6,-2): surface=256/256 verts=2850 trans=14076 paths=10
[2026-08-06 18:57:04.772] [WARN] Asset index not found for version '1.21.1' in /storage/emulated/0/FCL/.minecraft/assets/indexes/1.21.1.json
[2026-08-06 18:57:04.773] [WARN] Asset index not found for version '1.21.1' in /storage/emulated/0/FCL/.minecraft/assets/indexes/1.21.1.json
[2026-08-06 18:57:04.774] [WARN] Asset index not found for version '1.21.1' in /storage/emulated/0/FCL/.minecraft/assets/indexes/1.21.1.json
[2026-08-06 18:57:04.774] [WARN] Asset index not found for version '1.21.1' in /storage/emulated/0/FCL/.minecraft/assets/indexes/1.21.1.json
[2026-08-06 18:57:04.777] [WARN] Asset index not found for version '1.21.1' in /storage/emulated/0/FCL/.minecraft/assets/indexes/1.21.1.json
[2026-08-06 18:57:04.774] [WARN] Asset index not found for version '1.21.1' in /storage/emulated/0/FCL/.minecraft/assets/indexes/1.21.1.json
[2026-08-06 18:57:04.779] [WARN] Asset index not found for version '1.21.1' in /storage/emulated/0/FCL/.minecraft/assets/indexes/1.21.1.json
[2026-08-06 18:57:04.779] [WARN] Asset index not found for version '1.21.1' in /storage/emulated/0/FCL/.minecraft/assets/indexes/1.21.1.json
[2026-08-06 18:57:04.784] [DEBUG] Texture resolved from version jar: minecraft:block/birch_leaves
[2026-08-06 18:57:04.785] [DEBUG] Texture resolved from version jar: minecraft:block/grass_block_top
[2026-08-06 18:57:04.784] [DEBUG] ensureChunksAround: dropping 1 chunks (cx=9,cz=-14, cam=157.13177,-223.66277)
[2026-08-06 18:57:04.786] [WARN] Asset index not found for version '1.21.1' in /storage/emulated/0/FCL/.minecraft/assets/indexes/1.21.1.json
[2026-08-06 18:57:04.787] [WARN] Asset index not found for version '1.21.1' in /storage/emulated/0/FCL/.minecraft/assets/indexes/1.21.1.json
[2026-08-06 18:57:04.789] [DEBUG] Texture resolved from version jar: minecraft:block/grass_block_side
[2026-08-06 18:57:04.790] [DEBUG] Texture resolved from version jar: minecraft:block/short_grass
[2026-08-06 18:57:04.791] [DEBUG] Texture resolved from version jar: minecraft:block/oak_log_top
[2026-08-06 18:57:04.793] [DEBUG] Texture resolved from version jar: minecraft:block/stone
[2026-08-06 18:57:04.795] [DEBUG] Texture resolved from version jar: minecraft:block/oak_leaves
[2026-08-06 18:57:04.795] [DEBUG] Texture resolved from version jar: minecraft:block/dirt
[2026-08-06 18:57:04.795] [DEBUG] Texture resolved from version jar: minecraft:block/oak_log
[2026-08-06 18:57:04.796] [DEBUG] Texture resolved from version jar: minecraft:block/iron_ore
[2026-08-06 18:57:04.830] [DEBUG] mesh(-6,1): surface=256/256 verts=3558 trans=9906 paths=11
[2026-08-06 18:57:04.862] [DEBUG] ensureChunksAround: dropping 1 chunks (cx=9,cz=-14, cam=157.13177,-223.66277)
[2026-08-06 18:57:04.897] [DEBUG] mesh(-6,3): surface=256/256 verts=4236 trans=13146 paths=14
[2026-08-06 18:57:04.930] [DEBUG] ensureChunksAround: dropping 1 chunks (cx=9,cz=-14, cam=157.13177,-223.66277)
[2026-08-06 18:57:04.962] [DEBUG] mesh(-6,2): surface=256/256 verts=7596 trans=8142 paths=16
[2026-08-06 18:57:04.993] [DEBUG] ensureChunksAround: dropping 1 chunks (cx=9,cz=-14, cam=157.13177,-223.66277)
[2026-08-06 18:57:05.012] [DEBUG] mesh(-5,-4): surface=256/256 verts=3750 trans=7416 paths=13
[2026-08-06 18:57:05.027] [DEBUG] ensureChunksAround: dropping 1 chunks (cx=9,cz=-14, cam=157.13177,-223.66277)
[2026-08-06 18:57:05.114] [DEBUG] mesh(-6,0): surface=256/256 verts=2946 trans=15396 paths=7
[2026-08-06 18:57:05.144] [DEBUG] ensureChunksAround: dropping 1 chunks (cx=9,cz=-14, cam=157.13177,-223.66277)
[2026-08-06 18:57:05.186] [DEBUG] mesh(-6,-2): surface=256/256 verts=2850 trans=14076 paths=10
[2026-08-06 18:57:05.205] [WARN] Cannot open pfd: region/r.0.-1.mca
[2026-08-06 18:57:05.206] [DEBUG] Opened region: r.0.-1.mca
[2026-08-06 18:57:05.208] [DEBUG] ensureChunksAround: dropping 1 chunks (cx=9,cz=-14, cam=157.13177,-223.66277)
[2026-08-06 18:57:05.337] [DEBUG] mesh(3,-16): surface=256/256 verts=4332 trans=13188 paths=11
[2026-08-06 18:57:05.454] [DEBUG] mesh(3,-11): surface=256/256 verts=0 trans=3072 paths=1
[2026-08-06 18:57:05.544] [DEBUG] mesh(3,-14): surface=256/256 verts=2532 trans=3366 paths=9
[2026-08-06 18:57:05.557] [WARN] Asset index not found for version '1.21.1' in /storage/emulated/0/FCL/.minecraft/assets/indexes/1.21.1.json
[2026-08-06 18:57:05.559] [DEBUG] Texture resolved from version jar: minecraft:block/sand
[2026-08-06 18:57:05.676] [DEBUG] mesh(3,-12): surface=256/256 verts=0 trans=3072 paths=1
[2026-08-06 18:57:05.760] [DEBUG] mesh(3,-13): surface=256/256 verts=0 trans=3072 paths=1
[2026-08-06 18:57:05.858] [DEBUG] mesh(3,-17): surface=256/256 verts=3756 trans=13614 paths=9
[2026-08-06 18:57:06.015] [DEBUG] mesh(4,-18): surface=256/256 verts=3246 trans=14586 paths=10
[2026-08-06 18:57:06.131] [DEBUG] mesh(3,-15): surface=256/256 verts=6342 trans=4908 paths=10
[2026-08-06 18:57:06.165] [DEBUG] mesh(3,-14): surface=256/256 verts=1854 trans=3366 paths=9
[2026-08-06 18:57:06.265] [DEBUG] mesh(4,-17): surface=256/256 verts=3912 trans=14796 paths=11
[2026-08-06 18:57:06.419] [DEBUG] mesh(4,-16): surface=256/256 verts=6186 trans=13428 paths=11
[2026-08-06 18:57:06.452] [WARN] Asset index not found for version '1.21.1' in /storage/emulated/0/FCL/.minecraft/assets/indexes/1.21.1.json
[2026-08-06 18:57:06.454] [DEBUG] Texture resolved from version jar: minecraft:block/bamboo_planks
[2026-08-06 18:57:06.551] [DEBUG] mesh(4,-15): surface=256/256 verts=1080 trans=2538 paths=5
[2026-08-06 18:57:06.659] [DEBUG] mesh(4,-14): surface=256/256 verts=2490 trans=10434 paths=11
[2026-08-06 18:57:06.790] [DEBUG] mesh(4,-13): surface=256/256 verts=2688 trans=6720 paths=10
[2026-08-06 18:57:06.910] [DEBUG] mesh(4,-12): surface=256/256 verts=1158 trans=8370 paths=15
[2026-08-06 18:57:06.923] [WARN] Asset index not found for version '1.21.1' in /storage/emulated/0/FCL/.minecraft/assets/indexes/1.21.1.json
[2026-08-06 18:57:06.925] [WARN] Asset index not found for version '1.21.1' in /storage/emulated/0/FCL/.minecraft/assets/indexes/1.21.1.json
[2026-08-06 18:57:06.929] [DEBUG] Texture resolved from version jar: minecraft:block/magma
[2026-08-06 18:57:06.931] [WARN] Asset index not found for version '1.21.1' in /storage/emulated/0/FCL/.minecraft/assets/indexes/1.21.1.json
[2026-08-06 18:57:06.932] [WARN] All texture sources failed for: minecraft:block/bubble_column
[2026-08-06 18:57:06.987] [DEBUG] mesh(4,-16): surface=256/256 verts=6222 trans=13428 paths=11
[2026-08-06 18:57:07.086] [DEBUG] mesh(4,-11): surface=256/256 verts=78 trans=3750 paths=5
[2026-08-06 18:57:07.171] [WARN] Asset index not found for version '1.21.1' in /storage/emulated/0/FCL/.minecraft/assets/indexes/1.21.1.json
[2026-08-06 18:57:07.173] [DEBUG] Texture resolved from version jar: minecraft:block/seagrass
[2026-08-06 18:57:07.272] [ERROR] Texture unavailable for 'minecraft:block/bubble_column' — local assets, mods and network all failed
[2026-08-06 18:57:07.747] [WARN] Asset index not found for version '1.21.1' in /storage/emulated/0/FCL/.minecraft/assets/indexes/1.21.1.json
[2026-08-06 18:57:07.747] [WARN] Asset index not found for version '1.21.1' in /storage/emulated/0/FCL/.minecraft/assets/indexes/1.21.1.json
[2026-08-06 18:57:07.748] [DEBUG] Texture resolved from version jar: minecraft:block/tall_seagrass_top
[2026-08-06 18:57:07.749] [DEBUG] Texture resolved from version jar: minecraft:block/tall_seagrass_bottom
[2026-08-06 18:57:07.891] [DEBUG] ensureChunksAround: dropping 2 chunks (cx=9,cz=-15, cam=153.48203,-224.00609)
[2026-08-06 18:57:07.893] [WARN] Asset index not found for version '1.21.1' in /storage/emulated/0/FCL/.minecraft/assets/indexes/1.21.1.json
[2026-08-06 18:57:07.894] [DEBUG] Texture resolved from version jar: minecraft:block/diorite
[2026-08-06 18:57:08.048] [WARN] Asset index not found for version '1.21.1' in /storage/emulated/0/FCL/.minecraft/assets/indexes/1.21.1.json
[2026-08-06 18:57:08.050] [DEBUG] Texture resolved from version jar: minecraft:block/diorite
[2026-08-06 18:57:08.969] [WARN] Asset index not found for version '1.21.1' in /storage/emulated/0/FCL/.minecraft/assets/indexes/1.21.1.json
[2026-08-06 18:57:08.970] [WARN] Asset index not found for version '1.21.1' in /storage/emulated/0/FCL/.minecraft/assets/indexes/1.21.1.json
[2026-08-06 18:57:08.972] [DEBUG] Texture resolved from version jar: minecraft:block/cornflower
[2026-08-06 18:57:08.972] [DEBUG] Texture resolved from version jar: minecraft:block/tall_grass_top
[2026-08-06 18:57:08.971] [WARN] Asset index not found for version '1.21.1' in /storage/emulated/0/FCL/.minecraft/assets/indexes/1.21.1.json
[2026-08-06 18:57:08.980] [DEBUG] Texture resolved from version jar: minecraft:block/tall_grass_bottom
[2026-08-06 18:57:09.591] [WARN] Asset index not found for version '1.21.1' in /storage/emulated/0/FCL/.minecraft/assets/indexes/1.21.1.json
[2026-08-06 18:57:09.593] [DEBUG] Texture resolved from version jar: minecraft:block/cornflower
[2026-08-06 18:57:09.594] [WARN] Asset index not found for version '1.21.1' in /storage/emulated/0/FCL/.minecraft/assets/indexes/1.21.1.json
[2026-08-06 18:57:09.594] [WARN] Asset index not found for version '1.21.1' in /storage/emulated/0/FCL/.minecraft/assets/indexes/1.21.1.json
[2026-08-06 18:57:09.595] [WARN] Asset index not found for version '1.21.1' in /storage/emulated/0/FCL/.minecraft/assets/indexes/1.21.1.json
[2026-08-06 18:57:09.596] [DEBUG] Texture resolved from version jar: minecraft:block/tall_grass_top
[2026-08-06 18:57:09.597] [DEBUG] Texture resolved from version jar: minecraft:block/tall_grass_bottom
[2026-08-06 18:57:09.597] [DEBUG] Texture resolved from version jar: minecraft:block/dandelion
[2026-08-06 18:57:09.743] [WARN] Asset index not found for version '1.21.1' in /storage/emulated/0/FCL/.minecraft/assets/indexes/1.21.1.json
[2026-08-06 18:57:09.745] [DEBUG] Texture resolved from version jar: minecraft:block/cornflower
[2026-08-06 18:57:10.039] [WARN] Asset index not found for version '1.21.1' in /storage/emulated/0/FCL/.minecraft/assets/indexes/1.21.1.json
[2026-08-06 18:57:10.039] [WARN] Asset index not found for version '1.21.1' in /storage/emulated/0/FCL/.minecraft/assets/indexes/1.21.1.json
[2026-08-06 18:57:10.041] [DEBUG] Texture resolved from version jar: minecraft:block/glow_lichen
[2026-08-06 18:57:10.042] [DEBUG] Texture resolved from version jar: minecraft:block/granite
[2026-08-06 18:57:10.556] [WARN] Asset index not found for version '1.21.1' in /storage/emulated/0/FCL/.minecraft/assets/indexes/1.21.1.json
[2026-08-06 18:57:10.558] [DEBUG] Texture resolved from version jar: minecraft:block/oxeye_daisy
[2026-08-06 18:57:11.862] [DEBUG] ensureChunksAround: dropping 1 chunks (cx=6,cz=-16, cam=103.33002,-240.0778)
[2026-08-06 18:57:12.394] [WARN] Asset index not found for version '1.21.1' in /storage/emulated/0/FCL/.minecraft/assets/indexes/1.21.1.json
[2026-08-06 18:57:12.396] [DEBUG] Texture resolved from version jar: minecraft:block/clay
[2026-08-06 18:57:12.677] [WARN] Asset index not found for version '1.21.1' in /storage/emulated/0/FCL/.minecraft/assets/indexes/1.21.1.json
[2026-08-06 18:57:12.678] [WARN] Asset index not found for version '1.21.1' in /storage/emulated/0/FCL/.minecraft/assets/indexes/1.21.1.json
[2026-08-06 18:57:12.679] [DEBUG] Texture resolved from version jar: minecraft:block/rose_bush_bottom
[2026-08-06 18:57:12.679] [DEBUG] Texture resolved from version jar: minecraft:block/rose_bush_top
[2026-08-06 18:57:12.802] [WARN] Asset index not found for version '1.21.1' in /storage/emulated/0/FCL/.minecraft/assets/indexes/1.21.1.json
[2026-08-06 18:57:12.803] [WARN] Asset index not found for version '1.21.1' in /storage/emulated/0/FCL/.minecraft/assets/indexes/1.21.1.json
[2026-08-06 18:57:12.804] [WARN] Asset index not found for version '1.21.1' in /storage/emulated/0/FCL/.minecraft/assets/indexes/1.21.1.json
[2026-08-06 18:57:12.804] [WARN] Asset index not found for version '1.21.1' in /storage/emulated/0/FCL/.minecraft/assets/indexes/1.21.1.json
[2026-08-06 18:57:12.805] [WARN] Asset index not found for version '1.21.1' in /storage/emulated/0/FCL/.minecraft/assets/indexes/1.21.1.json
[2026-08-06 18:57:12.806] [DEBUG] Texture resolved from version jar: minecraft:block/rose_bush_top
[2026-08-06 18:57:12.802] [WARN] Asset index not found for version '1.21.1' in /storage/emulated/0/FCL/.minecraft/assets/indexes/1.21.1.json
[2026-08-06 18:57:12.807] [DEBUG] Texture resolved from version jar: minecraft:block/bee_nest_side
[2026-08-06 18:57:12.808] [DEBUG] Texture resolved from version jar: minecraft:block/bee_nest_top
[2026-08-06 18:57:12.807] [DEBUG] Texture resolved from version jar: minecraft:block/bee_nest_front_honey
[2026-08-06 18:57:12.808] [DEBUG] Texture resolved from version jar: minecraft:block/bee_nest_bottom
[2026-08-06 18:57:12.808] [DEBUG] Texture resolved from version jar: minecraft:block/rose_bush_bottom
[2026-08-06 18:57:13.133] [WARN] Asset index not found for version '1.21.1' in /storage/emulated/0/FCL/.minecraft/assets/indexes/1.21.1.json
[2026-08-06 18:57:13.133] [WARN] Asset index not found for version '1.21.1' in /storage/emulated/0/FCL/.minecraft/assets/indexes/1.21.1.json
[2026-08-06 18:57:13.134] [WARN] Asset index not found for version '1.21.1' in /storage/emulated/0/FCL/.minecraft/assets/indexes/1.21.1.json
[2026-08-06 18:57:13.135] [WARN] Asset index not found for version '1.21.1' in /storage/emulated/0/FCL/.minecraft/assets/indexes/1.21.1.json
[2026-08-06 18:57:13.135] [WARN] Asset index not found for version '1.21.1' in /storage/emulated/0/FCL/.minecraft/assets/indexes/1.21.1.json
[2026-08-06 18:57:13.135] [WARN] Asset index not found for version '1.21.1' in /storage/emulated/0/FCL/.minecraft/assets/indexes/1.21.1.json
[2026-08-06 18:57:13.136] [WARN] Asset index not found for version '1.21.1' in /storage/emulated/0/FCL/.minecraft/assets/indexes/1.21.1.json
[2026-08-06 18:57:13.136] [WARN] Asset index not found for version '1.21.1' in /storage/emulated/0/FCL/.minecraft/assets/indexes/1.21.1.json
[2026-08-06 18:57:13.137] [DEBUG] Texture resolved from version jar: minecraft:block/smooth_basalt
[2026-08-06 18:57:13.138] [DEBUG] Texture resolved from version jar: minecraft:block/budding_amethyst
[2026-08-06 18:57:13.138] [DEBUG] Texture resolved from version jar: minecraft:block/acacia_leaves
[2026-08-06 18:57:13.139] [DEBUG] Texture resolved from version jar: minecraft:block/acacia_log
[2026-08-06 18:57:13.139] [DEBUG] Texture resolved from version jar: minecraft:block/amethyst_block
[2026-08-06 18:57:13.139] [DEBUG] Texture resolved from version jar: minecraft:block/acacia_log_top
[2026-08-06 18:57:13.140] [DEBUG] Texture resolved from version jar: minecraft:block/andesite
[2026-08-06 18:57:13.141] [DEBUG] Texture resolved from version jar: minecraft:block/calcite
[2026-08-06 18:57:13.619] [WARN] Asset index not found for version '1.21.1' in /storage/emulated/0/FCL/.minecraft/assets/indexes/1.21.1.json
[2026-08-06 18:57:13.619] [WARN] Asset index not found for version '1.21.1' in /storage/emulated/0/FCL/.minecraft/assets/indexes/1.21.1.json
[2026-08-06 18:57:13.620] [DEBUG] Texture resolved from version jar: minecraft:block/azure_bluet
[2026-08-06 18:57:13.621] [DEBUG] Texture resolved from version jar: minecraft:block/poppy
[2026-08-06 18:57:13.910] [WARN] Asset index not found for version '1.21.1' in /storage/emulated/0/FCL/.minecraft/assets/indexes/1.21.1.json
[2026-08-06 18:57:13.910] [WARN] Asset index not found for version '1.21.1' in /storage/emulated/0/FCL/.minecraft/assets/indexes/1.21.1.json
[2026-08-06 18:57:13.912] [DEBUG] Texture resolved from version jar: minecraft:block/sandstone
[2026-08-06 18:57:13.914] [DEBUG] Texture resolved from version jar: minecraft:block/sandstone_bottom
[2026-08-06 18:57:14.596] [WARN] Asset index not found for version '1.21.1' in /storage/emulated/0/FCL/.minecraft/assets/indexes/1.21.1.json
[2026-08-06 18:57:14.605] [DEBUG] Texture resolved from version jar: minecraft:block/lapis_ore
[2026-08-06 18:57:15.332] [WARN] Asset index not found for version '1.21.1' in /storage/emulated/0/FCL/.minecraft/assets/indexes/1.21.1.json
[2026-08-06 18:57:15.336] [DEBUG] Texture resolved from version jar: minecraft:block/lava
[2026-08-06 18:57:16.922] [WARN] Asset index not found for version '1.21.1' in /storage/emulated/0/FCL/.minecraft/assets/indexes/1.21.1.json
[2026-08-06 18:57:16.922] [WARN] Asset index not found for version '1.21.1' in /storage/emulated/0/FCL/.minecraft/assets/indexes/1.21.1.json
[2026-08-06 18:57:16.923] [WARN] Asset index not found for version '1.21.1' in /storage/emulated/0/FCL/.minecraft/assets/indexes/1.21.1.json
[2026-08-06 18:57:16.923] [WARN] Asset index not found for version '1.21.1' in /storage/emulated/0/FCL/.minecraft/assets/indexes/1.21.1.json
[2026-08-06 18:57:16.927] [DEBUG] Texture resolved from version jar: minecraft:block/crafting_table_top
[2026-08-06 18:57:16.928] [DEBUG] Texture resolved from version jar: minecraft:block/crafting_table_front
[2026-08-06 18:57:16.928] [DEBUG] Texture resolved from version jar: minecraft:block/torch
[2026-08-06 18:57:16.929] [DEBUG] Texture resolved from version jar: minecraft:block/oak_planks
[2026-08-06 18:57:18.074] [WARN] Asset index not found for version '1.21.1' in /storage/emulated/0/FCL/.minecraft/assets/indexes/1.21.1.json
[2026-08-06 18:57:18.076] [DEBUG] Texture resolved from version jar: minecraft:block/cherry_log
[2026-08-06 18:57:18.387] [WARN] Asset index not found for version '1.21.1' in /storage/emulated/0/FCL/.minecraft/assets/indexes/1.21.1.json
[2026-08-06 18:57:18.389] [DEBUG] Texture resolved from version jar: minecraft:block/lily_of_the_valley
[2026-08-06 18:57:19.748] [WARN] Asset index not found for version '1.21.1' in /storage/emulated/0/FCL/.minecraft/assets/indexes/1.21.1.json
[2026-08-06 18:57:19.753] [WARN] Asset index not found for version '1.21.1' in /storage/emulated/0/FCL/.minecraft/assets/indexes/1.21.1.json
[2026-08-06 18:57:19.755] [WARN] All texture sources failed for: minecraft:block/bubble_column
[2026-08-06 18:57:20.336] [ERROR] Texture unavailable for 'minecraft:block/bubble_column' — local assets, mods and network all failed
[2026-08-06 18:57:22.923] [WARN] Asset index not found for version '1.21.1' in /storage/emulated/0/FCL/.minecraft/assets/indexes/1.21.1.json
[2026-08-06 18:57:22.924] [DEBUG] Texture resolved from version jar: minecraft:block/cherry_log_top
[2026-08-06 18:57:23.084] [WARN] Asset index not found for version '1.21.1' in /storage/emulated/0/FCL/.minecraft/assets/indexes/1.21.1.json
[2026-08-06 18:57:23.086] [DEBUG] Texture resolved from version jar: minecraft:block/cherry_log_top
[2026-08-06 18:57:23.545] [WARN] Asset index not found for version '1.21.1' in /storage/emulated/0/FCL/.minecraft/assets/indexes/1.21.1.json
[2026-08-06 18:57:23.547] [DEBUG] Texture resolved from version jar: minecraft:block/stone_bricks
[2026-08-06 18:57:24.057] [WARN] Asset index not found for version '1.21.1' in /storage/emulated/0/FCL/.minecraft/assets/indexes/1.21.1.json
[2026-08-06 18:57:24.058] [WARN] Asset index not found for version '1.21.1' in /storage/emulated/0/FCL/.minecraft/assets/indexes/1.21.1.json
[2026-08-06 18:57:24.059] [WARN] Asset index not found for version '1.21.1' in /storage/emulated/0/FCL/.minecraft/assets/indexes/1.21.1.json
[2026-08-06 18:57:24.059] [WARN] Asset index not found for version '1.21.1' in /storage/emulated/0/FCL/.minecraft/assets/indexes/1.21.1.json
[2026-08-06 18:57:24.058] [WARN] Asset index not found for version '1.21.1' in /storage/emulated/0/FCL/.minecraft/assets/indexes/1.21.1.json
[2026-08-06 18:57:24.060] [DEBUG] Texture resolved from version jar: minecraft:block/glass_pane_top
[2026-08-06 18:57:24.059] [DEBUG] Texture resolved from version jar: minecraft:block/cherry_trapdoor
[2026-08-06 18:57:24.063] [DEBUG] Texture resolved from version jar: minecraft:block/glass
[2026-08-06 18:57:24.065] [WARN] Asset index not found for version '1.21.1' in /storage/emulated/0/FCL/.minecraft/assets/indexes/1.21.1.json
[2026-08-06 18:57:24.065] [WARN] Asset index not found for version '1.21.1' in /storage/emulated/0/FCL/.minecraft/assets/indexes/1.21.1.json
[2026-08-06 18:57:24.068] [WARN] Asset index not found for version '1.21.1' in /storage/emulated/0/FCL/.minecraft/assets/indexes/1.21.1.json
[2026-08-06 18:57:24.074] [DEBUG] Texture resolved from version jar: minecraft:block/cherry_planks
[2026-08-06 18:57:24.074] [WARN] Asset index not found for version '1.21.1' in /storage/emulated/0/FCL/.minecraft/assets/indexes/1.21.1.json
[2026-08-06 18:57:24.072] [WARN] Asset index not found for version '1.21.1' in /storage/emulated/0/FCL/.minecraft/assets/indexes/1.21.1.json
[2026-08-06 18:57:24.075] [WARN] Asset index not found for version '1.21.1' in /storage/emulated/0/FCL/.minecraft/assets/indexes/1.21.1.json
[2026-08-06 18:57:24.077] [DEBUG] Texture resolved from version jar: minecraft:block/peony_bottom
[2026-08-06 18:57:24.077] [DEBUG] Texture resolved from version jar: minecraft:block/peony_top
[2026-08-06 18:57:24.078] [DEBUG] Texture resolved from version jar: minecraft:block/lantern
[2026-08-06 18:57:24.078] [DEBUG] Texture resolved from version jar: minecraft:block/stripped_cherry_log_top
[2026-08-06 18:57:24.078] [DEBUG] Texture resolved from version jar: minecraft:block/stripped_cherry_log
[2026-08-06 18:57:24.079] [DEBUG] Texture resolved from version jar: minecraft:block/cherry_leaves
[2026-08-06 18:57:24.082] [WARN] Asset index not found for version '1.21.1' in /storage/emulated/0/FCL/.minecraft/assets/indexes/1.21.1.json
[2026-08-06 18:57:24.082] [WARN] All texture sources failed for: minecraft:block/cherry_wall_sign
[2026-08-06 18:57:24.198] [WARN] Asset index not found for version '1.21.1' in /storage/emulated/0/FCL/.minecraft/assets/indexes/1.21.1.json
[2026-08-06 18:57:24.199] [WARN] Asset index not found for version '1.21.1' in /storage/emulated/0/FCL/.minecraft/assets/indexes/1.21.1.json
[2026-08-06 18:57:24.199] [WARN] Asset index not found for version '1.21.1' in /storage/emulated/0/FCL/.minecraft/assets/indexes/1.21.1.json
[2026-08-06 18:57:24.206] [DEBUG] Texture resolved from version jar: minecraft:block/cherry_trapdoor
[2026-08-06 18:57:24.211] [WARN] Asset index not found for version '1.21.1' in /storage/emulated/0/FCL/.minecraft/assets/indexes/1.21.1.json
[2026-08-06 18:57:24.211] [WARN] All texture sources failed for: minecraft:block/altar
[2026-08-06 18:57:24.214] [WARN] Asset index not found for version '1.21.1' in /storage/emulated/0/FCL/.minecraft/assets/indexes/1.21.1.json
[2026-08-06 18:57:24.215] [WARN] All texture sources failed for: minecraft:block/cherry_wall_sign
[2026-08-06 18:57:24.507] [WARN] Asset index not found for version '1.21.1' in /storage/emulated/0/FCL/.minecraft/assets/indexes/1.21.1.json
[2026-08-06 18:57:24.507] [WARN] Asset index not found for version '1.21.1' in /storage/emulated/0/FCL/.minecraft/assets/indexes/1.21.1.json
[2026-08-06 18:57:24.510] [WARN] Asset index not found for version '1.21.1' in /storage/emulated/0/FCL/.minecraft/assets/indexes/1.21.1.json
[2026-08-06 18:57:24.511] [WARN] Asset index not found for version '1.21.1' in /storage/emulated/0/FCL/.minecraft/assets/indexes/1.21.1.json
[2026-08-06 18:57:24.511] [WARN] Asset index not found for version '1.21.1' in /storage/emulated/0/FCL/.minecraft/assets/indexes/1.21.1.json
[2026-08-06 18:57:24.513] [WARN] Asset index not found for version '1.21.1' in /storage/emulated/0/FCL/.minecraft/assets/indexes/1.21.1.json
[2026-08-06 18:57:24.513] [WARN] Asset index not found for version '1.21.1' in /storage/emulated/0/FCL/.minecraft/assets/indexes/1.21.1.json
[2026-08-06 18:57:24.514] [WARN] Asset index not found for version '1.21.1' in /storage/emulated/0/FCL/.minecraft/assets/indexes/1.21.1.json
[2026-08-06 18:57:24.514] [WARN] Asset index not found for version '1.21.1' in /storage/emulated/0/FCL/.minecraft/assets/indexes/1.21.1.json
[2026-08-06 18:57:24.515] [WARN] Asset index not found for version '1.21.1' in /storage/emulated/0/FCL/.minecraft/assets/indexes/1.21.1.json
[2026-08-06 18:57:24.515] [WARN] Asset index not found for version '1.21.1' in /storage/emulated/0/FCL/.minecraft/assets/indexes/1.21.1.json
[2026-08-06 18:57:24.515] [WARN] Asset index not found for version '1.21.1' in /storage/emulated/0/FCL/.minecraft/assets/indexes/1.21.1.json
[2026-08-06 18:57:24.516] [WARN] Asset index not found for version '1.21.1' in /storage/emulated/0/FCL/.minecraft/assets/indexes/1.21.1.json
[2026-08-06 18:57:24.517] [WARN] Asset index not found for version '1.21.1' in /storage/emulated/0/FCL/.minecraft/assets/indexes/1.21.1.json
[2026-08-06 18:57:24.517] [DEBUG] Texture resolved from version jar: minecraft:block/cherry_trapdoor
[2026-08-06 18:57:24.517] [WARN] Asset index not found for version '1.21.1' in /storage/emulated/0/FCL/.minecraft/assets/indexes/1.21.1.json
[2026-08-06 18:57:24.517] [WARN] Asset index not found for version '1.21.1' in /storage/emulated/0/FCL/.minecraft/assets/indexes/1.21.1.json
[2026-08-06 18:57:24.518] [WARN] Asset index not found for version '1.21.1' in /storage/emulated/0/FCL/.minecraft/assets/indexes/1.21.1.json
[2026-08-06 18:57:24.518] [WARN] Asset index not found for version '1.21.1' in /storage/emulated/0/FCL/.minecraft/assets/indexes/1.21.1.json
[2026-08-06 18:57:24.519] [DEBUG] Texture resolved from version jar: minecraft:block/chiseled_stone_bricks
[2026-08-06 18:57:24.519] [WARN] Asset index not found for version '1.21.1' in /storage/emulated/0/FCL/.minecraft/assets/indexes/1.21.1.json
[2026-08-06 18:57:24.519] [WARN] Asset index not found for version '1.21.1' in /storage/emulated/0/FCL/.minecraft/assets/indexes/1.21.1.json
[2026-08-06 18:57:24.519] [WARN] Asset index not found for version '1.21.1' in /storage/emulated/0/FCL/.minecraft/assets/indexes/1.21.1.json
[2026-08-06 18:57:24.520] [WARN] Asset index not found for version '1.21.1' in /storage/emulated/0/FCL/.minecraft/assets/indexes/1.21.1.json
[2026-08-06 18:57:24.520] [WARN] Asset index not found for version '1.21.1' in /storage/emulated/0/FCL/.minecraft/assets/indexes/1.21.1.json
[2026-08-06 18:57:24.520] [WARN] Asset index not found for version '1.21.1' in /storage/emulated/0/FCL/.minecraft/assets/indexes/1.21.1.json
[2026-08-06 18:57:24.521] [WARN] Asset index not found for version '1.21.1' in /storage/emulated/0/FCL/.minecraft/assets/indexes/1.21.1.json
[2026-08-06 18:57:24.521] [WARN] Asset index not found for version '1.21.1' in /storage/emulated/0/FCL/.minecraft/assets/indexes/1.21.1.json
[2026-08-06 18:57:24.522] [WARN] Asset index not found for version '1.21.1' in /storage/emulated/0/FCL/.minecraft/assets/indexes/1.21.1.json
[2026-08-06 18:57:24.522] [WARN] Asset index not found for version '1.21.1' in /storage/emulated/0/FCL/.minecraft/assets/indexes/1.21.1.json
[2026-08-06 18:57:24.523] [WARN] Asset index not found for version '1.21.1' in /storage/emulated/0/FCL/.minecraft/assets/indexes/1.21.1.json
[2026-08-06 18:57:24.522] [WARN] Asset index not found for version '1.21.1' in /storage/emulated/0/FCL/.minecraft/assets/indexes/1.21.1.json
[2026-08-06 18:57:24.524] [WARN] Asset index not found for version '1.21.1' in /storage/emulated/0/FCL/.minecraft/assets/indexes/1.21.1.json
[2026-08-06 18:57:24.524] [DEBUG] Texture resolved from version jar: minecraft:block/glass
[2026-08-06 18:57:24.524] [WARN] Asset index not found for version '1.21.1' in /storage/emulated/0/FCL/.minecraft/assets/indexes/1.21.1.json
[2026-08-06 18:57:24.525] [WARN] Asset index not found for version '1.21.1' in /storage/emulated/0/FCL/.minecraft/assets/indexes/1.21.1.json
[2026-08-06 18:57:24.525] [WARN] Asset index not found for version '1.21.1' in /storage/emulated/0/FCL/.minecraft/assets/indexes/1.21.1.json
[2026-08-06 18:57:24.526] [DEBUG] Texture resolved from version jar: minecraft:block/peony_top
[2026-08-06 18:57:24.526] [WARN] Asset index not found for version '1.21.1' in /storage/emulated/0/FCL/.minecraft/assets/indexes/1.21.1.json
[2026-08-06 18:57:24.526] [WARN] Asset index not found for version '1.21.1' in /storage/emulated/0/FCL/.minecraft/assets/indexes/1.21.1.json
[2026-08-06 18:57:24.527] [WARN] Asset index not found for version '1.21.1' in /storage/emulated/0/FCL/.minecraft/assets/indexes/1.21.1.json
[2026-08-06 18:57:24.527] [WARN] Asset index not found for version '1.21.1' in /storage/emulated/0/FCL/.minecraft/assets/indexes/1.21.1.json
[2026-08-06 18:57:24.527] [DEBUG] Texture resolved from version jar: minecraft:block/lantern
[2026-08-06 18:57:24.527] [WARN] Asset index not found for version '1.21.1' in /storage/emulated/0/FCL/.minecraft/assets/indexes/1.21.1.json
[2026-08-06 18:57:24.528] [WARN] Asset index not found for version '1.21.1' in /storage/emulated/0/FCL/.minecraft/assets/indexes/1.21.1.json
[2026-08-06 18:57:24.528] [WARN] Asset index not found for version '1.21.1' in /storage/emulated/0/FCL/.minecraft/assets/indexes/1.21.1.json
[2026-08-06 18:57:24.529] [WARN] Asset index not found for version '1.21.1' in /storage/emulated/0/FCL/.minecraft/assets/indexes/1.21.1.json
[2026-08-06 18:57:24.530] [WARN] Asset index not found for version '1.21.1' in /storage/emulated/0/FCL/.minecraft/assets/indexes/1.21.1.json
[2026-08-06 18:57:24.530] [DEBUG] Texture resolved from version jar: minecraft:block/stripped_cherry_log_top
[2026-08-06 18:57:24.530] [WARN] Asset index not found for version '1.21.1' in /storage/emulated/0/FCL/.minecraft/assets/indexes/1.21.1.json
[2026-08-06 18:57:24.530] [WARN] Asset index not found for version '1.21.1' in /storage/emulated/0/FCL/.minecraft/assets/indexes/1.21.1.json
[2026-08-06 18:57:24.531] [WARN] Asset index not found for version '1.21.1' in /storage/emulated/0/FCL/.minecraft/assets/indexes/1.21.1.json
[2026-08-06 18:57:24.532] [DEBUG] Texture resolved from version jar: minecraft:block/cherry_leaves
[2026-08-06 18:57:24.532] [DEBUG] Texture resolved from version jar: minecraft:block/anvil_top
[2026-08-06 18:57:24.533] [DEBUG] Texture resolved from version jar: minecraft:block/glass_pane_top
[2026-08-06 18:57:24.533] [DEBUG] Texture resolved from version jar: minecraft:block/smoker_bottom
[2026-08-06 18:57:24.534] [DEBUG] Texture resolved from version jar: minecraft:block/stripped_cherry_log
[2026-08-06 18:57:24.534] [DEBUG] Texture resolved from version jar: minecraft:block/bookshelf
[2026-08-06 18:57:24.535] [DEBUG] Texture resolved from version jar: minecraft:block/cherry_planks
[2026-08-06 18:57:24.535] [DEBUG] Texture resolved from version jar: minecraft:block/peony_bottom
[2026-08-06 18:57:24.536] [DEBUG] Texture resolved from version jar: minecraft:block/red_wool
[2026-08-06 18:57:24.536] [DEBUG] Texture resolved from version jar: minecraft:block/anvil
[2026-08-06 18:57:24.536] [DEBUG] Texture resolved from version jar: minecraft:block/enchanting_table_top
[2026-08-06 18:57:24.537] [DEBUG] Texture resolved from version jar: minecraft:block/furnace_front
[2026-08-06 18:57:24.537] [DEBUG] Texture resolved from version jar: minecraft:block/furnace_top
[2026-08-06 18:57:24.537] [DEBUG] Texture resolved from version jar: minecraft:block/enchanting_table_bottom
[2026-08-06 18:57:24.538] [DEBUG] Texture resolved from version jar: minecraft:block/barrel_top
[2026-08-06 18:57:24.539] [DEBUG] Texture resolved from version jar: minecraft:block/blast_furnace_top
[2026-08-06 18:57:24.539] [DEBUG] Texture resolved from version jar: minecraft:block/loom_top
[2026-08-06 18:57:24.538] [DEBUG] Texture resolved from version jar: minecraft:block/loom_bottom
[2026-08-06 18:57:24.539] [DEBUG] Texture resolved from version jar: minecraft:block/enchanting_table_side
[2026-08-06 18:57:24.539] [DEBUG] Texture resolved from version jar: minecraft:block/smoker_side
[2026-08-06 18:57:24.540] [DEBUG] Texture resolved from version jar: minecraft:block/furnace_side
[2026-08-06 18:57:24.540] [DEBUG] Texture resolved from version jar: minecraft:block/barrel_bottom
[2026-08-06 18:57:24.541] [DEBUG] Texture resolved from version jar: minecraft:block/barrel_side
[2026-08-06 18:57:24.541] [DEBUG] Texture resolved from version jar: minecraft:block/brewing_stand
[2026-08-06 18:57:24.541] [DEBUG] Texture resolved from version jar: minecraft:block/cherry_door_top
[2026-08-06 18:57:24.542] [DEBUG] Texture resolved from version jar: minecraft:block/brewing_stand_base
[2026-08-06 18:57:24.542] [DEBUG] Texture resolved from version jar: minecraft:block/crafting_table_side
[2026-08-06 18:57:24.543] [DEBUG] Texture resolved from version jar: minecraft:block/cherry_door_bottom
[2026-08-06 18:57:24.543] [DEBUG] Texture resolved from version jar: minecraft:block/dark_oak_planks
[2026-08-06 18:57:24.544] [DEBUG] Texture resolved from version jar: minecraft:block/cartography_table_side3
[2026-08-06 18:57:24.544] [DEBUG] Texture resolved from version jar: minecraft:block/cartography_table_side1
[2026-08-06 18:57:24.544] [DEBUG] Texture resolved from version jar: minecraft:block/jukebox_side
[2026-08-06 18:57:24.545] [DEBUG] Texture resolved from version jar: minecraft:block/jukebox_top
[2026-08-06 18:57:24.545] [DEBUG] Texture resolved from version jar: minecraft:block/flower_pot
[2026-08-06 18:57:24.546] [DEBUG] Texture resolved from version jar: minecraft:block/scaffolding_side
[2026-08-06 18:57:24.546] [DEBUG] Texture resolved from version jar: minecraft:block/scaffolding_top
[2026-08-06 18:57:24.547] [DEBUG] Texture resolved from version jar: minecraft:block/cartography_table_side2
[2026-08-06 18:57:24.546] [DEBUG] Texture resolved from version jar: minecraft:block/scaffolding_bottom
[2026-08-06 18:57:24.551] [WARN] Asset index not found for version '1.21.1' in /storage/emulated/0/FCL/.minecraft/assets/indexes/1.21.1.json
[2026-08-06 18:57:24.552] [WARN] All texture sources failed for: minecraft:block/maid_bed
[2026-08-06 18:57:24.552] [WARN] Asset index not found for version '1.21.1' in /storage/emulated/0/FCL/.minecraft/assets/indexes/1.21.1.json
[2026-08-06 18:57:24.553] [WARN] All texture sources failed for: minecraft:block/cherry_wall_sign
[2026-08-06 18:57:24.675] [ERROR] Texture unavailable for 'minecraft:block/cherry_wall_sign' — local assets, mods and network all failed
[2026-08-06 18:57:24.910] [ERROR] Texture unavailable for 'minecraft:block/cherry_wall_sign' — local assets, mods and network all failed
[2026-08-06 18:57:24.910] [ERROR] Texture unavailable for 'minecraft:block/altar' — local assets, mods and network all failed
[2026-08-06 18:57:25.127] [ERROR] Texture unavailable for 'minecraft:block/cherry_wall_sign' — local assets, mods and network all failed
[2026-08-06 18:57:25.131] [ERROR] Texture unavailable for 'minecraft:block/maid_bed' — local assets, mods and network all failed
[2026-08-06 18:57:25.551] [WARN] Asset index not found for version '1.21.1' in /storage/emulated/0/FCL/.minecraft/assets/indexes/1.21.1.json
[2026-08-06 18:57:25.551] [WARN] Asset index not found for version '1.21.1' in /storage/emulated/0/FCL/.minecraft/assets/indexes/1.21.1.json
[2026-08-06 18:57:25.552] [WARN] Asset index not found for version '1.21.1' in /storage/emulated/0/FCL/.minecraft/assets/indexes/1.21.1.json
[2026-08-06 18:57:25.556] [WARN] Asset index not found for version '1.21.1' in /storage/emulated/0/FCL/.minecraft/assets/indexes/1.21.1.json
[2026-08-06 18:57:25.556] [WARN] All texture sources failed for: minecraft:block/waystone
[2026-08-06 18:57:25.553] [DEBUG] Texture resolved from version jar: minecraft:block/campfire_log
[2026-08-06 18:57:25.558] [WARN] Asset index not found for version '1.21.1' in /storage/emulated/0/FCL/.minecraft/assets/indexes/1.21.1.json
[2026-08-06 18:57:25.559] [WARN] All texture sources failed for: minecraft:block/cherry_wall_sign
[2026-08-06 18:57:25.959] [ERROR] Texture unavailable for 'minecraft:block/cherry_wall_sign' — local assets, mods and network all failed
[2026-08-06 18:57:25.959] [ERROR] Texture unavailable for 'minecraft:block/waystone' — local assets, mods and network all failed
[2026-08-06 18:58:00.606] [INFO] ZaralynChiselApp.onCreate — v0.6.0-alpha, logDir=/data/user/0/com.zaralynchisel.debug/files/logs
